data_adi,data_detay,original_week_period,original_date_text,date
Adana,53.22,27 Şubat 5 Mart 2021,5 Mart 2021,2021-03-05
Adıyaman,140.88,27 Şubat 5 Mart 2021,5 Mart 2021,2021-03-05
Afyon,47.63,27 Şubat 5 Mart 2021,5 Mart 2021,2021-03-05
Ağrı,24.47,27 Şubat 5 Mart 2021,5 Mart 2021,2021-03-05
Aksaray,140.89,27 Şubat 5 Mart 2021,5 Mart 2021,2021-03-05
Amasya,183.91,27 Şubat 5 Mart 2021,5 Mart 2021,2021-03-05
Ankara,54.83,27 Şubat 5 Mart 2021,5 Mart 2021,2021-03-05
Antalya,82.05,27 Şubat 5 Mart 2021,5 Mart 2021,2021-03-05
Ardahan,70.71,27 Şubat 5 Mart 2021,5 Mart 2021,2021-03-05
Artvin,109.14,27 Şubat 5 Mart 2021,5 Mart 2021,2021-03-05
Aydın,49.42,27 Şubat 5 Mart 2021,5 Mart 2021,2021-03-05
Balıkesir,172.46,27 Şubat 5 Mart 2021,5 Mart 2021,2021-03-05
Bartın,75.89,27 Şubat 5 Mart 2021,5 Mart 2021,2021-03-05
Batman,8.87,27 Şubat 5 Mart 2021,5 Mart 2021,2021-03-05
Bayburt,39.07,27 Şubat 5 Mart 2021,5 Mart 2021,2021-03-05
Bilecik,65.38,27 Şubat 5 Mart 2021,5 Mart 2021,2021-03-05
Bingöl,17.04,27 Şubat 5 Mart 2021,5 Mart 2021,2021-03-05
Bitlis,29.06,27 Şubat 5 Mart 2021,5 Mart 2021,2021-03-05
Bolu,68.3,27 Şubat 5 Mart 2021,5 Mart 2021,2021-03-05
Burdur,105.21,27 Şubat 5 Mart 2021,5 Mart 2021,2021-03-05
Bursa,58.55,27 Şubat 5 Mart 2021,5 Mart 2021,2021-03-05
Çanakkale,107.29,27 Şubat 5 Mart 2021,5 Mart 2021,2021-03-05
Çankırı,22.87,27 Şubat 5 Mart 2021,5 Mart 2021,2021-03-05
Çorum,44.71,27 Şubat 5 Mart 2021,5 Mart 2021,2021-03-05
Denizli,38.81,27 Şubat 5 Mart 2021,5 Mart 2021,2021-03-05
Diyarbakır,19.85,27 Şubat 5 Mart 2021,5 Mart 2021,2021-03-05
Düzce,55.6,27 Şubat 5 Mart 2021,5 Mart 2021,2021-03-05
Edirne,180.01,27 Şubat 5 Mart 2021,5 Mart 2021,2021-03-05
Elazığ,35.72,27 Şubat 5 Mart 2021,5 Mart 2021,2021-03-05
Erzincan,31.14,27 Şubat 5 Mart 2021,5 Mart 2021,2021-03-05
Erzurum,52.22,27 Şubat 5 Mart 2021,5 Mart 2021,2021-03-05
Eskişehir,48.27,27 Şubat 5 Mart 2021,5 Mart 2021,2021-03-05
Gaziantep,44.4,27 Şubat 5 Mart 2021,5 Mart 2021,2021-03-05
Giresun,282.14,27 Şubat 5 Mart 2021,5 Mart 2021,2021-03-05
Gümüşhane,151.73,27 Şubat 5 Mart 2021,5 Mart 2021,2021-03-05
Hakkari,5.35,27 Şubat 5 Mart 2021,5 Mart 2021,2021-03-05
Hatay,61.95,27 Şubat 5 Mart 2021,5 Mart 2021,2021-03-05
Iğdır,24.84,27 Şubat 5 Mart 2021,5 Mart 2021,2021-03-05
Isparta,47.24,27 Şubat 5 Mart 2021,5 Mart 2021,2021-03-05
İstanbul,111.57,27 Şubat 5 Mart 2021,5 Mart 2021,2021-03-05
İzmir,66.47,27 Şubat 5 Mart 2021,5 Mart 2021,2021-03-05
Kahramanmaraş,41.52,27 Şubat 5 Mart 2021,5 Mart 2021,2021-03-05
Karabük,41.46,27 Şubat 5 Mart 2021,5 Mart 2021,2021-03-05
Karaman,55.31,27 Şubat 5 Mart 2021,5 Mart 2021,2021-03-05
Kars,25.27,27 Şubat 5 Mart 2021,5 Mart 2021,2021-03-05
Kastamonu,65.63,27 Şubat 5 Mart 2021,5 Mart 2021,2021-03-05
Kayseri,97.72,27 Şubat 5 Mart 2021,5 Mart 2021,2021-03-05
Kırıkkale,62.43,27 Şubat 5 Mart 2021,5 Mart 2021,2021-03-05
Kırklareli,116.94,27 Şubat 5 Mart 2021,5 Mart 2021,2021-03-05
Kırşehir,40.32,27 Şubat 5 Mart 2021,5 Mart 2021,2021-03-05
Kilis,163.17,27 Şubat 5 Mart 2021,5 Mart 2021,2021-03-05
Kocaeli,112.25,27 Şubat 5 Mart 2021,5 Mart 2021,2021-03-05
Konya,150.98,27 Şubat 5 Mart 2021,5 Mart 2021,2021-03-05
Kütahya,85.31,27 Şubat 5 Mart 2021,5 Mart 2021,2021-03-05
Malatya,53.22,27 Şubat 5 Mart 2021,5 Mart 2021,2021-03-05
Manisa,50.81,27 Şubat 5 Mart 2021,5 Mart 2021,2021-03-05
Mardin,10.88,27 Şubat 5 Mart 2021,5 Mart 2021,2021-03-05
Mersin,100.82,27 Şubat 5 Mart 2021,5 Mart 2021,2021-03-05
Muğla,65.75,27 Şubat 5 Mart 2021,5 Mart 2021,2021-03-05
Muş,23.84,27 Şubat 5 Mart 2021,5 Mart 2021,2021-03-05
Nevşehir,35.41,27 Şubat 5 Mart 2021,5 Mart 2021,2021-03-05
Niğde,82.58,27 Şubat 5 Mart 2021,5 Mart 2021,2021-03-05
Ordu,280.27,27 Şubat 5 Mart 2021,5 Mart 2021,2021-03-05
Osmaniye,173.91,27 Şubat 5 Mart 2021,5 Mart 2021,2021-03-05
Rize,208.21,27 Şubat 5 Mart 2021,5 Mart 2021,2021-03-05
Sakarya,139.93,27 Şubat 5 Mart 2021,5 Mart 2021,2021-03-05
Samsun,348.36,27 Şubat 5 Mart 2021,5 Mart 2021,2021-03-05
Siirt,12.08,27 Şubat 5 Mart 2021,5 Mart 2021,2021-03-05
Sinop,314.15,27 Şubat 5 Mart 2021,5 Mart 2021,2021-03-05
Sivas,24.06,27 Şubat 5 Mart 2021,5 Mart 2021,2021-03-05
Şanlıurfa,16.03,27 Şubat 5 Mart 2021,5 Mart 2021,2021-03-05
Şırnak,5.76,27 Şubat 5 Mart 2021,5 Mart 2021,2021-03-05
Tekirdağ,111.19,27 Şubat 5 Mart 2021,5 Mart 2021,2021-03-05
Tokat,228.82,27 Şubat 5 Mart 2021,5 Mart 2021,2021-03-05
Trabzon,226.14,27 Şubat 5 Mart 2021,5 Mart 2021,2021-03-05
Tunceli,26.37,27 Şubat 5 Mart 2021,5 Mart 2021,2021-03-05
Uşak,10.83,27 Şubat 5 Mart 2021,5 Mart 2021,2021-03-05
Van,17.49,27 Şubat 5 Mart 2021,5 Mart 2021,2021-03-05
Yalova,134.76,27 Şubat 5 Mart 2021,5 Mart 2021,2021-03-05
Yozgat,35.55,27 Şubat 5 Mart 2021,5 Mart 2021,2021-03-05
Zonguldak,64.61,27 Şubat 5 Mart 2021,5 Mart 2021,2021-03-05
Adana,42.86,15-21 Şubat 2021,21 Şubat 2021,2021-02-21
Adıyaman,120.64,15-21 Şubat 2021,21 Şubat 2021,2021-02-21
Afyon,31.62,15-21 Şubat 2021,21 Şubat 2021,2021-02-21
Ağrı,19.61,15-21 Şubat 2021,21 Şubat 2021,2021-02-21
Aksaray,108.27,15-21 Şubat 2021,21 Şubat 2021,2021-02-21
Amasya,90.31,15-21 Şubat 2021,21 Şubat 2021,2021-02-21
Ankara,35.39,15-21 Şubat 2021,21 Şubat 2021,2021-02-21
Antalya,78.92,15-21 Şubat 2021,21 Şubat 2021,2021-02-21
Ardahan,88.39,15-21 Şubat 2021,21 Şubat 2021,2021-02-21
Artvin,75.52,15-21 Şubat 2021,21 Şubat 2021,2021-02-21
Aydın,37.71,15-21 Şubat 2021,21 Şubat 2021,2021-02-21
Balıkesir,92.4,15-21 Şubat 2021,21 Şubat 2021,2021-02-21
Bartın,31.16,15-21 Şubat 2021,21 Şubat 2021,2021-02-21
Batman,8.71,15-21 Şubat 2021,21 Şubat 2021,2021-02-21
Bayburt,21.98,15-21 Şubat 2021,21 Şubat 2021,2021-02-21
Bilecik,45.72,15-21 Şubat 2021,21 Şubat 2021,2021-02-21
Bingöl,18.45,15-21 Şubat 2021,21 Şubat 2021,2021-02-21
Bitlis,15.1,15-21 Şubat 2021,21 Şubat 2021,2021-02-21
Bolu,75.6,15-21 Şubat 2021,21 Şubat 2021,2021-02-21
Burdur,93.23,15-21 Şubat 2021,21 Şubat 2021,2021-02-21
Bursa,39.14,15-21 Şubat 2021,21 Şubat 2021,2021-02-21
Çanakkale,43.76,15-21 Şubat 2021,21 Şubat 2021,2021-02-21
Çankırı,26.5,15-21 Şubat 2021,21 Şubat 2021,2021-02-21
Çorum,41.31,15-21 Şubat 2021,21 Şubat 2021,2021-02-21
Denizli,31.51,15-21 Şubat 2021,21 Şubat 2021,2021-02-21
Diyarbakır,18.0,15-21 Şubat 2021,21 Şubat 2021,2021-02-21
Düzce,48.78,15-21 Şubat 2021,21 Şubat 2021,2021-02-21
Edirne,75.29,15-21 Şubat 2021,21 Şubat 2021,2021-02-21
Elazığ,44.22,15-21 Şubat 2021,21 Şubat 2021,2021-02-21
Erzincan,34.13,15-21 Şubat 2021,21 Şubat 2021,2021-02-21
Erzurum,50.9,15-21 Şubat 2021,21 Şubat 2021,2021-02-21
Eskişehir,35.55,15-21 Şubat 2021,21 Şubat 2021,2021-02-21
Gaziantep,35.08,15-21 Şubat 2021,21 Şubat 2021,2021-02-21
Giresun,217.51,15-21 Şubat 2021,21 Şubat 2021,2021-02-21
Gümüşhane,88.21,15-21 Şubat 2021,21 Şubat 2021,2021-02-21
Hakkari,3.21,15-21 Şubat 2021,21 Şubat 2021,2021-02-21
Hatay,45.5,15-21 Şubat 2021,21 Şubat 2021,2021-02-21
Iğdır,10.43,15-21 Şubat 2021,21 Şubat 2021,2021-02-21
Isparta,29.53,15-21 Şubat 2021,21 Şubat 2021,2021-02-21
İstanbul,68.23,15-21 Şubat 2021,21 Şubat 2021,2021-02-21
İzmir,42.67,15-21 Şubat 2021,21 Şubat 2021,2021-02-21
Kahramanmaraş,35.35,15-21 Şubat 2021,21 Şubat 2021,2021-02-21
Karabük,16.83,15-21 Şubat 2021,21 Şubat 2021,2021-02-21
Karaman,105.92,15-21 Şubat 2021,21 Şubat 2021,2021-02-21
Kars,18.6,15-21 Şubat 2021,21 Şubat 2021,2021-02-21
Kastamonu,21.79,15-21 Şubat 2021,21 Şubat 2021,2021-02-21
Kayseri,74.08,15-21 Şubat 2021,21 Şubat 2021,2021-02-21
Kırıkkale,47.36,15-21 Şubat 2021,21 Şubat 2021,2021-02-21
Kırklareli,71.05,15-21 Şubat 2021,21 Şubat 2021,2021-02-21
Kırşehir,30.86,15-21 Şubat 2021,21 Şubat 2021,2021-02-21
Kilis,48.32,15-21 Şubat 2021,21 Şubat 2021,2021-02-21
Kocaeli,92.53,15-21 Şubat 2021,21 Şubat 2021,2021-02-21
Konya,101.95,15-21 Şubat 2021,21 Şubat 2021,2021-02-21
Kütahya,57.74,15-21 Şubat 2021,21 Şubat 2021,2021-02-21
Malatya,44.28,15-21 Şubat 2021,21 Şubat 2021,2021-02-21
Manisa,36.74,15-21 Şubat 2021,21 Şubat 2021,2021-02-21
Mardin,12.52,15-21 Şubat 2021,21 Şubat 2021,2021-02-21
Mersin,87.87,15-21 Şubat 2021,21 Şubat 2021,2021-02-21
Muğla,49.66,15-21 Şubat 2021,21 Şubat 2021,2021-02-21
Muş,8.51,15-21 Şubat 2021,21 Şubat 2021,2021-02-21
Nevşehir,50.83,15-21 Şubat 2021,21 Şubat 2021,2021-02-21
Niğde,57.45,15-21 Şubat 2021,21 Şubat 2021,2021-02-21
Ordu,228.4,15-21 Şubat 2021,21 Şubat 2021,2021-02-21
Osmaniye,134.9,15-21 Şubat 2021,21 Şubat 2021,2021-02-21
Rize,200.08,15-21 Şubat 2021,21 Şubat 2021,2021-02-21
Sakarya,103.01,15-21 Şubat 2021,21 Şubat 2021,2021-02-21
Samsun,202.94,15-21 Şubat 2021,21 Şubat 2021,2021-02-21
Siirt,20.54,15-21 Şubat 2021,21 Şubat 2021,2021-02-21
Sinop,83.62,15-21 Şubat 2021,21 Şubat 2021,2021-02-21
Sivas,38.37,15-21 Şubat 2021,21 Şubat 2021,2021-02-21
Şanlıurfa,20.42,15-21 Şubat 2021,21 Şubat 2021,2021-02-21
Şırnak,3.91,15-21 Şubat 2021,21 Şubat 2021,2021-02-21
Tekirdağ,74.65,15-21 Şubat 2021,21 Şubat 2021,2021-02-21
Tokat,149.2,15-21 Şubat 2021,21 Şubat 2021,2021-02-21
Trabzon,207.54,15-21 Şubat 2021,21 Şubat 2021,2021-02-21
Tunceli,29.96,15-21 Şubat 2021,21 Şubat 2021,2021-02-21
Uşak,17.32,15-21 Şubat 2021,21 Şubat 2021,2021-02-21
Van,13.92,15-21 Şubat 2021,21 Şubat 2021,2021-02-21
Yalova,74.62,15-21 Şubat 2021,21 Şubat 2021,2021-02-21
Yozgat,37.7,15-21 Şubat 2021,21 Şubat 2021,2021-02-21
Zonguldak,54.3,15-21 Şubat 2021,21 Şubat 2021,2021-02-21
Adana,63.0,06-12 Mart 2021,12 Mart 2021,2021-03-12
Adıyaman,154.63,06-12 Mart 2021,12 Mart 2021,2021-03-12
Afyon,47.5,06-12 Mart 2021,12 Mart 2021,2021-03-12
Ağrı,22.22,06-12 Mart 2021,12 Mart 2021,2021-03-12
Aksaray,173.52,06-12 Mart 2021,12 Mart 2021,2021-03-12
Amasya,163.64,06-12 Mart 2021,12 Mart 2021,2021-03-12
Ankara,68.53,06-12 Mart 2021,12 Mart 2021,2021-03-12
Antalya,95.16,06-12 Mart 2021,12 Mart 2021,2021-03-12
Ardahan,73.83,06-12 Mart 2021,12 Mart 2021,2021-03-12
Artvin,100.88,06-12 Mart 2021,12 Mart 2021,2021-03-12
Aydın,58.71,06-12 Mart 2021,12 Mart 2021,2021-03-12
Balıkesir,257.6,06-12 Mart 2021,12 Mart 2021,2021-03-12
Bartın,62.82,06-12 Mart 2021,12 Mart 2021,2021-03-12
Batman,15.64,06-12 Mart 2021,12 Mart 2021,2021-03-12
Bayburt,51.28,06-12 Mart 2021,12 Mart 2021,2021-03-12
Bilecik,81.38,06-12 Mart 2021,12 Mart 2021,2021-03-12
Bingöl,25.2,06-12 Mart 2021,12 Mart 2021,2021-03-12
Bitlis,15.95,06-12 Mart 2021,12 Mart 2021,2021-03-12
Bolu,65.76,06-12 Mart 2021,12 Mart 2021,2021-03-12
Burdur,86.49,06-12 Mart 2021,12 Mart 2021,2021-03-12
Bursa,78.47,06-12 Mart 2021,12 Mart 2021,2021-03-12
Çanakkale,149.76,06-12 Mart 2021,12 Mart 2021,2021-03-12
Çankırı,47.29,06-12 Mart 2021,12 Mart 2021,2021-03-12
Çorum,73.19,06-12 Mart 2021,12 Mart 2021,2021-03-12
Denizli,41.5,06-12 Mart 2021,12 Mart 2021,2021-03-12
Diyarbakır,17.83,06-12 Mart 2021,12 Mart 2021,2021-03-12
Düzce,81.63,06-12 Mart 2021,12 Mart 2021,2021-03-12
Edirne,200.36,06-12 Mart 2021,12 Mart 2021,2021-03-12
Elazığ,29.59,06-12 Mart 2021,12 Mart 2021,2021-03-12
Erzincan,53.75,06-12 Mart 2021,12 Mart 2021,2021-03-12
Erzurum,45.63,06-12 Mart 2021,12 Mart 2021,2021-03-12
Eskişehir,74.59,06-12 Mart 2021,12 Mart 2021,2021-03-12
Gaziantep,67.44,06-12 Mart 2021,12 Mart 2021,2021-03-12
Giresun,296.84,06-12 Mart 2021,12 Mart 2021,2021-03-12
Gümüşhane,137.61,06-12 Mart 2021,12 Mart 2021,2021-03-12
Hakkari,7.84,06-12 Mart 2021,12 Mart 2021,2021-03-12
Hatay,69.43,06-12 Mart 2021,12 Mart 2021,2021-03-12
Iğdır,80.97,06-12 Mart 2021,12 Mart 2021,2021-03-12
Isparta,61.09,06-12 Mart 2021,12 Mart 2021,2021-03-12
İstanbul,178.25,06-12 Mart 2021,12 Mart 2021,2021-03-12
İzmir,78.57,06-12 Mart 2021,12 Mart 2021,2021-03-12
Kahramanmaraş,56.5,06-12 Mart 2021,12 Mart 2021,2021-03-12
Karabük,47.21,06-12 Mart 2021,12 Mart 2021,2021-03-12
Karaman,56.88,06-12 Mart 2021,12 Mart 2021,2021-03-12
Kars,24.92,06-12 Mart 2021,12 Mart 2021,2021-03-12
Kastamonu,118.23,06-12 Mart 2021,12 Mart 2021,2021-03-12
Kayseri,142.95,06-12 Mart 2021,12 Mart 2021,2021-03-12
Kırıkkale,88.27,06-12 Mart 2021,12 Mart 2021,2021-03-12
Kırklareli,137.12,06-12 Mart 2021,12 Mart 2021,2021-03-12
Kırşehir,47.73,06-12 Mart 2021,12 Mart 2021,2021-03-12
Kilis,255.62,06-12 Mart 2021,12 Mart 2021,2021-03-12
Kocaeli,138.39,06-12 Mart 2021,12 Mart 2021,2021-03-12
Konya,203.91,06-12 Mart 2021,12 Mart 2021,2021-03-12
Kütahya,85.14,06-12 Mart 2021,12 Mart 2021,2021-03-12
Malatya,92.66,06-12 Mart 2021,12 Mart 2021,2021-03-12
Manisa,50.12,06-12 Mart 2021,12 Mart 2021,2021-03-12
Mardin,17.32,06-12 Mart 2021,12 Mart 2021,2021-03-12
Mersin,96.75,06-12 Mart 2021,12 Mart 2021,2021-03-12
Muğla,80.24,06-12 Mart 2021,12 Mart 2021,2021-03-12
Muş,27.24,06-12 Mart 2021,12 Mart 2021,2021-03-12
Nevşehir,64.6,06-12 Mart 2021,12 Mart 2021,2021-03-12
Niğde,89.21,06-12 Mart 2021,12 Mart 2021,2021-03-12
Ordu,248.62,06-12 Mart 2021,12 Mart 2021,2021-03-12
Osmaniye,198.89,06-12 Mart 2021,12 Mart 2021,2021-03-12
Rize,188.18,06-12 Mart 2021,12 Mart 2021,2021-03-12
Sakarya,90.15,06-12 Mart 2021,12 Mart 2021,2021-03-12
Samsun,458.53,06-12 Mart 2021,12 Mart 2021,2021-03-12
Siirt,2.11,06-12 Mart 2021,12 Mart 2021,2021-03-12
Sinop,345.56,06-12 Mart 2021,12 Mart 2021,2021-03-12
Sivas,43.88,06-12 Mart 2021,12 Mart 2021,2021-03-12
Şanlıurfa,15.41,06-12 Mart 2021,12 Mart 2021,2021-03-12
Şırnak,4.46,06-12 Mart 2021,12 Mart 2021,2021-03-12
Tekirdağ,121.64,06-12 Mart 2021,12 Mart 2021,2021-03-12
Tokat,243.53,06-12 Mart 2021,12 Mart 2021,2021-03-12
Trabzon,222.32,06-12 Mart 2021,12 Mart 2021,2021-03-12
Tunceli,53.93,06-12 Mart 2021,12 Mart 2021,2021-03-12
Uşak,19.22,06-12 Mart 2021,12 Mart 2021,2021-03-12
Van,20.36,06-12 Mart 2021,12 Mart 2021,2021-03-12
Yalova,200.33,06-12 Mart 2021,12 Mart 2021,2021-03-12
Yozgat,46.05,06-12 Mart 2021,12 Mart 2021,2021-03-12
Zonguldak,75.44,06-12 Mart 2021,12 Mart 2021,2021-03-12
Adana,61.58,13 - 19 Mart 2021,19 Mart 2021,2021-03-19
Adıyaman,169.81,13 - 19 Mart 2021,19 Mart 2021,2021-03-19
Afyon,47.36,13 - 19 Mart 2021,19 Mart 2021,2021-03-19
Ağrı,41.46,13 - 19 Mart 2021,19 Mart 2021,2021-03-19
Aksaray,214.42,13 - 19 Mart 2021,19 Mart 2021,2021-03-19
Amasya,194.04,13 - 19 Mart 2021,19 Mart 2021,2021-03-19
Ankara,107.99,13 - 19 Mart 2021,19 Mart 2021,2021-03-19
Antalya,119.18,13 - 19 Mart 2021,19 Mart 2021,2021-03-19
Ardahan,86.31,13 - 19 Mart 2021,19 Mart 2021,2021-03-19
Artvin,113.86,13 - 19 Mart 2021,19 Mart 2021,2021-03-19
Aydın,69.07,13 - 19 Mart 2021,19 Mart 2021,2021-03-19
Balıkesir,288.16,13 - 19 Mart 2021,19 Mart 2021,2021-03-19
Bartın,76.89,13 - 19 Mart 2021,19 Mart 2021,2021-03-19
Batman,28.54,13 - 19 Mart 2021,19 Mart 2021,2021-03-19
Bayburt,74.47,13 - 19 Mart 2021,19 Mart 2021,2021-03-19
Bilecik,114.3,13 - 19 Mart 2021,19 Mart 2021,2021-03-19
Bingöl,47.56,13 - 19 Mart 2021,19 Mart 2021,2021-03-19
Bitlis,23.08,13 - 19 Mart 2021,19 Mart 2021,2021-03-19
Bolu,100.38,13 - 19 Mart 2021,19 Mart 2021,2021-03-19
Burdur,72.26,13 - 19 Mart 2021,19 Mart 2021,2021-03-19
Bursa,97.14,13 - 19 Mart 2021,19 Mart 2021,2021-03-19
Çanakkale,202.75,13 - 19 Mart 2021,19 Mart 2021,2021-03-19
Çankırı,122.64,13 - 19 Mart 2021,19 Mart 2021,2021-03-19
Çorum,138.65,13 - 19 Mart 2021,19 Mart 2021,2021-03-19
Denizli,49.38,13 - 19 Mart 2021,19 Mart 2021,2021-03-19
Diyarbakır,18.78,13 - 19 Mart 2021,19 Mart 2021,2021-03-19
Düzce,95.28,13 - 19 Mart 2021,19 Mart 2021,2021-03-19
Edirne,219.49,13 - 19 Mart 2021,19 Mart 2021,2021-03-19
Elazığ,80.11,13 - 19 Mart 2021,19 Mart 2021,2021-03-19
Erzincan,124.13,13 - 19 Mart 2021,19 Mart 2021,2021-03-19
Erzurum,72.4,13 - 19 Mart 2021,19 Mart 2021,2021-03-19
Eskişehir,116.56,13 - 19 Mart 2021,19 Mart 2021,2021-03-19
Gaziantep,87.33,13 - 19 Mart 2021,19 Mart 2021,2021-03-19
Giresun,356.35,13 - 19 Mart 2021,19 Mart 2021,2021-03-19
Gümüşhane,105.15,13 - 19 Mart 2021,19 Mart 2021,2021-03-19
Hakkari,15.69,13 - 19 Mart 2021,19 Mart 2021,2021-03-19
Hatay,61.77,13 - 19 Mart 2021,19 Mart 2021,2021-03-19
Iğdır,107.3,13 - 19 Mart 2021,19 Mart 2021,2021-03-19
Isparta,74.49,13 - 19 Mart 2021,19 Mart 2021,2021-03-19
İstanbul,251.12,13 - 19 Mart 2021,19 Mart 2021,2021-03-19
İzmir,111.41,13 - 19 Mart 2021,19 Mart 2021,2021-03-19
Kahramanmaraş,67.37,13 - 19 Mart 2021,19 Mart 2021,2021-03-19
Karabük,84.15,13 - 19 Mart 2021,19 Mart 2021,2021-03-19
Karaman,89.44,13 - 19 Mart 2021,19 Mart 2021,2021-03-19
Kars,30.53,13 - 19 Mart 2021,19 Mart 2021,2021-03-19
Kastamonu,197.41,13 - 19 Mart 2021,19 Mart 2021,2021-03-19
Kayseri,196.07,13 - 19 Mart 2021,19 Mart 2021,2021-03-19
Kırıkkale,73.91,13 - 19 Mart 2021,19 Mart 2021,2021-03-19
Kırklareli,155.09,13 - 19 Mart 2021,19 Mart 2021,2021-03-19
Kırşehir,61.31,13 - 19 Mart 2021,19 Mart 2021,2021-03-19
Kilis,258.42,13 - 19 Mart 2021,19 Mart 2021,2021-03-19
Kocaeli,176.39,13 - 19 Mart 2021,19 Mart 2021,2021-03-19
Konya,252.18,13 - 19 Mart 2021,19 Mart 2021,2021-03-19
Kütahya,111.33,13 - 19 Mart 2021,19 Mart 2021,2021-03-19
Malatya,140.54,13 - 19 Mart 2021,19 Mart 2021,2021-03-19
Manisa,64.66,13 - 19 Mart 2021,19 Mart 2021,2021-03-19
Mardin,17.08,13 - 19 Mart 2021,19 Mart 2021,2021-03-19
Mersin,80.7,13 - 19 Mart 2021,19 Mart 2021,2021-03-19
Muğla,92.33,13 - 19 Mart 2021,19 Mart 2021,2021-03-19
Muş,21.16,13 - 19 Mart 2021,19 Mart 2021,2021-03-19
Nevşehir,79.35,13 - 19 Mart 2021,19 Mart 2021,2021-03-19
Niğde,104.4,13 - 19 Mart 2021,19 Mart 2021,2021-03-19
Ordu,258.87,13 - 19 Mart 2021,19 Mart 2021,2021-03-19
Osmaniye,198.52,13 - 19 Mart 2021,19 Mart 2021,2021-03-19
Rize,202.41,13 - 19 Mart 2021,19 Mart 2021,2021-03-19
Sakarya,124.49,13 - 19 Mart 2021,19 Mart 2021,2021-03-19
Samsun,508.97,13 - 19 Mart 2021,19 Mart 2021,2021-03-19
Siirt,14.2,13 - 19 Mart 2021,19 Mart 2021,2021-03-19
Sinop,309.06,13 - 19 Mart 2021,19 Mart 2021,2021-03-19
Sivas,55.83,13 - 19 Mart 2021,19 Mart 2021,2021-03-19
Şanlıurfa,18.3,13 - 19 Mart 2021,19 Mart 2021,2021-03-19
Şırnak,8.18,13 - 19 Mart 2021,19 Mart 2021,2021-03-19
Tekirdağ,168.26,13 - 19 Mart 2021,19 Mart 2021,2021-03-19
Tokat,248.72,13 - 19 Mart 2021,19 Mart 2021,2021-03-19
Trabzon,246.95,13 - 19 Mart 2021,19 Mart 2021,2021-03-19
Tunceli,63.52,13 - 19 Mart 2021,19 Mart 2021,2021-03-19
Uşak,19.49,13 - 19 Mart 2021,19 Mart 2021,2021-03-19
Van,27.41,13 - 19 Mart 2021,19 Mart 2021,2021-03-19
Yalova,275.31,13 - 19 Mart 2021,19 Mart 2021,2021-03-19
Yozgat,92.82,13 - 19 Mart 2021,19 Mart 2021,2021-03-19
Zonguldak,81.02,13 - 19 Mart 2021,19 Mart 2021,2021-03-19
Adana,187.36,10 - 16 Nisan 2021,16 Nisan 2021,2021-04-16
Adıyaman,248.08,10 - 16 Nisan 2021,16 Nisan 2021,2021-04-16
Afyon,359.74,10 - 16 Nisan 2021,16 Nisan 2021,2021-04-16
Ağrı,307.23,10 - 16 Nisan 2021,16 Nisan 2021,2021-04-16
Aksaray,356.26,10 - 16 Nisan 2021,16 Nisan 2021,2021-04-16
Amasya,461.11,10 - 16 Nisan 2021,16 Nisan 2021,2021-04-16
Ankara,534.14,10 - 16 Nisan 2021,16 Nisan 2021,2021-04-16
Antalya,301.65,10 - 16 Nisan 2021,16 Nisan 2021,2021-04-16
Ardahan,230.86,10 - 16 Nisan 2021,16 Nisan 2021,2021-04-16
Artvin,230.09,10 - 16 Nisan 2021,16 Nisan 2021,2021-04-16
Aydın,268.08,10 - 16 Nisan 2021,16 Nisan 2021,2021-04-16
Balıkesir,566.32,10 - 16 Nisan 2021,16 Nisan 2021,2021-04-16
Bartın,512.11,10 - 16 Nisan 2021,16 Nisan 2021,2021-04-16
Batman,157.19,10 - 16 Nisan 2021,16 Nisan 2021,2021-04-16
Bayburt,568.92,10 - 16 Nisan 2021,16 Nisan 2021,2021-04-16
Bilecik,494.25,10 - 16 Nisan 2021,16 Nisan 2021,2021-04-16
Bingöl,300.25,10 - 16 Nisan 2021,16 Nisan 2021,2021-04-16
Bitlis,150.15,10 - 16 Nisan 2021,16 Nisan 2021,2021-04-16
Bolu,442.18,10 - 16 Nisan 2021,16 Nisan 2021,2021-04-16
Burdur,258.71,10 - 16 Nisan 2021,16 Nisan 2021,2021-04-16
Bursa,500.57,10 - 16 Nisan 2021,16 Nisan 2021,2021-04-16
Çanakkale,962.98,10 - 16 Nisan 2021,16 Nisan 2021,2021-04-16
Çankırı,399.11,10 - 16 Nisan 2021,16 Nisan 2021,2021-04-16
Çorum,475.55,10 - 16 Nisan 2021,16 Nisan 2021,2021-04-16
Denizli,223.36,10 - 16 Nisan 2021,16 Nisan 2021,2021-04-16
Diyarbakır,117.36,10 - 16 Nisan 2021,16 Nisan 2021,2021-04-16
Düzce,521.38,10 - 16 Nisan 2021,16 Nisan 2021,2021-04-16
Edirne,590.05,10 - 16 Nisan 2021,16 Nisan 2021,2021-04-16
Elazığ,311.93,10 - 16 Nisan 2021,16 Nisan 2021,2021-04-16
Erzincan,593.35,10 - 16 Nisan 2021,16 Nisan 2021,2021-04-16
Erzurum,493.09,10 - 16 Nisan 2021,16 Nisan 2021,2021-04-16
Eskişehir,605.85,10 - 16 Nisan 2021,16 Nisan 2021,2021-04-16
Gaziantep,293.36,10 - 16 Nisan 2021,16 Nisan 2021,2021-04-16
Giresun,624.22,10 - 16 Nisan 2021,16 Nisan 2021,2021-04-16
Gümüşhane,242.76,10 - 16 Nisan 2021,16 Nisan 2021,2021-04-16
Hakkari,91.26,10 - 16 Nisan 2021,16 Nisan 2021,2021-04-16
Hatay,239.74,10 - 16 Nisan 2021,16 Nisan 2021,2021-04-16
Iğdır,415.77,10 - 16 Nisan 2021,16 Nisan 2021,2021-04-16
Isparta,367.47,10 - 16 Nisan 2021,16 Nisan 2021,2021-04-16
İstanbul,920.57,10 - 16 Nisan 2021,16 Nisan 2021,2021-04-16
İzmir,351.97,10 - 16 Nisan 2021,16 Nisan 2021,2021-04-16
Kahramanmaraş,221.46,10 - 16 Nisan 2021,16 Nisan 2021,2021-04-16
Karabük,380.52,10 - 16 Nisan 2021,16 Nisan 2021,2021-04-16
Karaman,298.92,10 - 16 Nisan 2021,16 Nisan 2021,2021-04-16
Kars,291.66,10 - 16 Nisan 2021,16 Nisan 2021,2021-04-16
Kastamonu,683.09,10 - 16 Nisan 2021,16 Nisan 2021,2021-04-16
Kayseri,504.2,10 - 16 Nisan 2021,16 Nisan 2021,2021-04-16
Kırıkkale,430.57,10 - 16 Nisan 2021,16 Nisan 2021,2021-04-16
Kırklareli,830.44,10 - 16 Nisan 2021,16 Nisan 2021,2021-04-16
Kırşehir,315.99,10 - 16 Nisan 2021,16 Nisan 2021,2021-04-16
Kilis,462.21,10 - 16 Nisan 2021,16 Nisan 2021,2021-04-16
Kocaeli,666.41,10 - 16 Nisan 2021,16 Nisan 2021,2021-04-16
Konya,579.37,10 - 16 Nisan 2021,16 Nisan 2021,2021-04-16
Kütahya,375.77,10 - 16 Nisan 2021,16 Nisan 2021,2021-04-16
Malatya,563.79,10 - 16 Nisan 2021,16 Nisan 2021,2021-04-16
Manisa,305.39,10 - 16 Nisan 2021,16 Nisan 2021,2021-04-16
Mardin,93.83,10 - 16 Nisan 2021,16 Nisan 2021,2021-04-16
Mersin,213.56,10 - 16 Nisan 2021,16 Nisan 2021,2021-04-16
Muğla,242.31,10 - 16 Nisan 2021,16 Nisan 2021,2021-04-16
Muş,123.32,10 - 16 Nisan 2021,16 Nisan 2021,2021-04-16
Nevşehir,410.54,10 - 16 Nisan 2021,16 Nisan 2021,2021-04-16
Niğde,370.09,10 - 16 Nisan 2021,16 Nisan 2021,2021-04-16
Ordu,565.14,10 - 16 Nisan 2021,16 Nisan 2021,2021-04-16
Osmaniye,347.46,10 - 16 Nisan 2021,16 Nisan 2021,2021-04-16
Rize,516.03,10 - 16 Nisan 2021,16 Nisan 2021,2021-04-16
Sakarya,404.55,10 - 16 Nisan 2021,16 Nisan 2021,2021-04-16
Samsun,601.14,10 - 16 Nisan 2021,16 Nisan 2021,2021-04-16
Siirt,83.97,10 - 16 Nisan 2021,16 Nisan 2021,2021-04-16
Sinop,440.73,10 - 16 Nisan 2021,16 Nisan 2021,2021-04-16
Sivas,372.86,10 - 16 Nisan 2021,16 Nisan 2021,2021-04-16
Şanlıurfa,91.01,10 - 16 Nisan 2021,16 Nisan 2021,2021-04-16
Şırnak,47.6,10 - 16 Nisan 2021,16 Nisan 2021,2021-04-16
Tekirdağ,747.13,10 - 16 Nisan 2021,16 Nisan 2021,2021-04-16
Tokat,467.17,10 - 16 Nisan 2021,16 Nisan 2021,2021-04-16
Trabzon,409.9,10 - 16 Nisan 2021,16 Nisan 2021,2021-04-16
Tunceli,266.05,10 - 16 Nisan 2021,16 Nisan 2021,2021-04-16
Uşak,207.89,10 - 16 Nisan 2021,16 Nisan 2021,2021-04-16
Van,89.01,10 - 16 Nisan 2021,16 Nisan 2021,2021-04-16
Yalova,838.25,10 - 16 Nisan 2021,16 Nisan 2021,2021-04-16
Yozgat,499.89,10 - 16 Nisan 2021,16 Nisan 2021,2021-04-16
Zonguldak,456.36,10 - 16 Nisan 2021,16 Nisan 2021,2021-04-16
Adana,41.22,20-26 Şubat 2021,26 Şubat 2021,2021-02-26
Adıyaman,116.2,20-26 Şubat 2021,26 Şubat 2021,2021-02-26
Afyon,38.44,20-26 Şubat 2021,26 Şubat 2021,2021-02-26
Ağrı,19.0,20-26 Şubat 2021,26 Şubat 2021,2021-02-26
Aksaray,123.08,20-26 Şubat 2021,26 Şubat 2021,2021-02-26
Amasya,110.5,20-26 Şubat 2021,26 Şubat 2021,2021-02-26
Ankara,39.84,20-26 Şubat 2021,26 Şubat 2021,2021-02-26
Antalya,78.11,20-26 Şubat 2021,26 Şubat 2021,2021-02-26
Ardahan,58.37,20-26 Şubat 2021,26 Şubat 2021,2021-02-26
Artvin,88.67,20-26 Şubat 2021,26 Şubat 2021,2021-02-26
Aydın,42.24,20-26 Şubat 2021,26 Şubat 2021,2021-02-26
Balıkesir,142.57,20-26 Şubat 2021,26 Şubat 2021,2021-02-26
Bartın,42.72,20-26 Şubat 2021,26 Şubat 2021,2021-02-26
Batman,8.06,20-26 Şubat 2021,26 Şubat 2021,2021-02-26
Bayburt,31.51,20-26 Şubat 2021,26 Şubat 2021,2021-02-26
Bilecik,60.84,20-26 Şubat 2021,26 Şubat 2021,2021-02-26
Bingöl,15.81,20-26 Şubat 2021,26 Şubat 2021,2021-02-26
Bitlis,15.68,20-26 Şubat 2021,26 Şubat 2021,2021-02-26
Bolu,83.1,20-26 Şubat 2021,26 Şubat 2021,2021-02-26
Burdur,105.36,20-26 Şubat 2021,26 Şubat 2021,2021-02-26
Bursa,49.78,20-26 Şubat 2021,26 Şubat 2021,2021-02-26
Çanakkale,81.51,20-26 Şubat 2021,26 Şubat 2021,2021-02-26
Çankırı,28.5,20-26 Şubat 2021,26 Şubat 2021,2021-02-26
Çorum,28.12,20-26 Şubat 2021,26 Şubat 2021,2021-02-26
Denizli,32.14,20-26 Şubat 2021,26 Şubat 2021,2021-02-26
Diyarbakır,17.94,20-26 Şubat 2021,26 Şubat 2021,2021-02-26
Düzce,55.91,20-26 Şubat 2021,26 Şubat 2021,2021-02-26
Edirne,107.43,20-26 Şubat 2021,26 Şubat 2021,2021-02-26
Elazığ,39.68,20-26 Şubat 2021,26 Şubat 2021,2021-02-26
Erzincan,37.13,20-26 Şubat 2021,26 Şubat 2021,2021-02-26
Erzurum,48.3,20-26 Şubat 2021,26 Şubat 2021,2021-02-26
Eskişehir,43.85,20-26 Şubat 2021,26 Şubat 2021,2021-02-26
Gaziantep,36.35,20-26 Şubat 2021,26 Şubat 2021,2021-02-26
Giresun,264.71,20-26 Şubat 2021,26 Şubat 2021,2021-02-26
Gümüşhane,114.58,20-26 Şubat 2021,26 Şubat 2021,2021-02-26
Hakkari,4.97,20-26 Şubat 2021,26 Şubat 2021,2021-02-26
Hatay,40.46,20-26 Şubat 2021,26 Şubat 2021,2021-02-26
Iğdır,17.19,20-26 Şubat 2021,26 Şubat 2021,2021-02-26
Isparta,39.14,20-26 Şubat 2021,26 Şubat 2021,2021-02-26
İstanbul,89.9,20-26 Şubat 2021,26 Şubat 2021,2021-02-26
İzmir,53.42,20-26 Şubat 2021,26 Şubat 2021,2021-02-26
Kahramanmaraş,32.9,20-26 Şubat 2021,26 Şubat 2021,2021-02-26
Karabük,25.8,20-26 Şubat 2021,26 Şubat 2021,2021-02-26
Karaman,64.76,20-26 Şubat 2021,26 Şubat 2021,2021-02-26
Kars,22.84,20-26 Şubat 2021,26 Şubat 2021,2021-02-26
Kastamonu,34.1,20-26 Şubat 2021,26 Şubat 2021,2021-02-26
Kayseri,88.05,20-26 Şubat 2021,26 Şubat 2021,2021-02-26
Kırıkkale,51.43,20-26 Şubat 2021,26 Şubat 2021,2021-02-26
Kırklareli,96.44,20-26 Şubat 2021,26 Şubat 2021,2021-02-26
Kırşehir,21.89,20-26 Şubat 2021,26 Şubat 2021,2021-02-26
Kilis,68.0,20-26 Şubat 2021,26 Şubat 2021,2021-02-26
Kocaeli,99.18,20-26 Şubat 2021,26 Şubat 2021,2021-02-26
Konya,119.28,20-26 Şubat 2021,26 Şubat 2021,2021-02-26
Kütahya,71.97,20-26 Şubat 2021,26 Şubat 2021,2021-02-26
Malatya,46.35,20-26 Şubat 2021,26 Şubat 2021,2021-02-26
Manisa,39.64,20-26 Şubat 2021,26 Şubat 2021,2021-02-26
Mardin,9.24,20-26 Şubat 2021,26 Şubat 2021,2021-02-26
Mersin,91.57,20-26 Şubat 2021,26 Şubat 2021,2021-02-26
Muğla,57.38,20-26 Şubat 2021,26 Şubat 2021,2021-02-26
Muş,16.64,20-26 Şubat 2021,26 Şubat 2021,2021-02-26
Nevşehir,48.51,20-26 Şubat 2021,26 Şubat 2021,2021-02-26
Niğde,58.59,20-26 Şubat 2021,26 Şubat 2021,2021-02-26
Ordu,301.76,20-26 Şubat 2021,26 Şubat 2021,2021-02-26
Osmaniye,145.13,20-26 Şubat 2021,26 Şubat 2021,2021-02-26
Rize,213.1,20-26 Şubat 2021,26 Şubat 2021,2021-02-26
Sakarya,114.34,20-26 Şubat 2021,26 Şubat 2021,2021-02-26
Samsun,262.17,20-26 Şubat 2021,26 Şubat 2021,2021-02-26
Siirt,16.35,20-26 Şubat 2021,26 Şubat 2021,2021-02-26
Sinop,160.03,20-26 Şubat 2021,26 Şubat 2021,2021-02-26
Sivas,29.85,20-26 Şubat 2021,26 Şubat 2021,2021-02-26
Şanlıurfa,15.4,20-26 Şubat 2021,26 Şubat 2021,2021-02-26
Şırnak,2.29,20-26 Şubat 2021,26 Şubat 2021,2021-02-26
Tekirdağ,85.55,20-26 Şubat 2021,26 Şubat 2021,2021-02-26
Tokat,166.5,20-26 Şubat 2021,26 Şubat 2021,2021-02-26
Trabzon,239.52,20-26 Şubat 2021,26 Şubat 2021,2021-02-26
Tunceli,27.25,20-26 Şubat 2021,26 Şubat 2021,2021-02-26
Uşak,18.4,20-26 Şubat 2021,26 Şubat 2021,2021-02-26
Van,10.13,20-26 Şubat 2021,26 Şubat 2021,2021-02-26
Yalova,85.01,20-26 Şubat 2021,26 Şubat 2021,2021-02-26
Yozgat,42.75,20-26 Şubat 2021,26 Şubat 2021,2021-02-26
Zonguldak,59.11,20-26 Şubat 2021,26 Şubat 2021,2021-02-26
Adana,111.26,27 Mart - 2 Nisan 2021,2 Nisan 2021,2021-04-02
Adıyaman,230.69,27 Mart - 2 Nisan 2021,2 Nisan 2021,2021-04-02
Afyon,153.21,27 Mart - 2 Nisan 2021,2 Nisan 2021,2021-04-02
Ağrı,121.96,27 Mart - 2 Nisan 2021,2 Nisan 2021,2021-04-02
Aksaray,257.91,27 Mart - 2 Nisan 2021,2 Nisan 2021,2021-04-02
Amasya,370.5,27 Mart - 2 Nisan 2021,2 Nisan 2021,2021-04-02
Ankara,272.79,27 Mart - 2 Nisan 2021,2 Nisan 2021,2021-04-02
Antalya,190.44,27 Mart - 2 Nisan 2021,2 Nisan 2021,2021-04-02
Ardahan,185.11,27 Mart - 2 Nisan 2021,2 Nisan 2021,2021-04-02
Artvin,164.6,27 Mart - 2 Nisan 2021,2 Nisan 2021,2021-04-02
Aydın,153.16,27 Mart - 2 Nisan 2021,2 Nisan 2021,2021-04-02
Balıkesir,430.63,27 Mart - 2 Nisan 2021,2 Nisan 2021,2021-04-02
Bartın,232.69,27 Mart - 2 Nisan 2021,2 Nisan 2021,2021-04-02
Batman,57.39,27 Mart - 2 Nisan 2021,2 Nisan 2021,2021-04-02
Bayburt,244.17,27 Mart - 2 Nisan 2021,2 Nisan 2021,2021-04-02
Bilecik,340.62,27 Mart - 2 Nisan 2021,2 Nisan 2021,2021-04-02
Bingöl,124.57,27 Mart - 2 Nisan 2021,2 Nisan 2021,2021-04-02
Bitlis,47.29,27 Mart - 2 Nisan 2021,2 Nisan 2021,2021-04-02
Bolu,287.8,27 Mart - 2 Nisan 2021,2 Nisan 2021,2021-04-02
Burdur,92.85,27 Mart - 2 Nisan 2021,2 Nisan 2021,2021-04-02
Bursa,260.43,27 Mart - 2 Nisan 2021,2 Nisan 2021,2021-04-02
Çanakkale,546.77,27 Mart - 2 Nisan 2021,2 Nisan 2021,2021-04-02
Çankırı,305.57,27 Mart - 2 Nisan 2021,2 Nisan 2021,2021-04-02
Çorum,322.56,27 Mart - 2 Nisan 2021,2 Nisan 2021,2021-04-02
Denizli,94.15,27 Mart - 2 Nisan 2021,2 Nisan 2021,2021-04-02
Diyarbakır,60.05,27 Mart - 2 Nisan 2021,2 Nisan 2021,2021-04-02
Düzce,217.85,27 Mart - 2 Nisan 2021,2 Nisan 2021,2021-04-02
Edirne,409.06,27 Mart - 2 Nisan 2021,2 Nisan 2021,2021-04-02
Elazığ,153.92,27 Mart - 2 Nisan 2021,2 Nisan 2021,2021-04-02
Erzincan,321.2,27 Mart - 2 Nisan 2021,2 Nisan 2021,2021-04-02
Erzurum,245.16,27 Mart - 2 Nisan 2021,2 Nisan 2021,2021-04-02
Eskişehir,358.9,27 Mart - 2 Nisan 2021,2 Nisan 2021,2021-04-02
Gaziantep,171.86,27 Mart - 2 Nisan 2021,2 Nisan 2021,2021-04-02
Giresun,503.88,27 Mart - 2 Nisan 2021,2 Nisan 2021,2021-04-02
Gümüşhane,206.07,27 Mart - 2 Nisan 2021,2 Nisan 2021,2021-04-02
Hakkari,36.72,27 Mart - 2 Nisan 2021,2 Nisan 2021,2021-04-02
Hatay,132.95,27 Mart - 2 Nisan 2021,2 Nisan 2021,2021-04-02
Iğdır,225.52,27 Mart - 2 Nisan 2021,2 Nisan 2021,2021-04-02
Isparta,157.39,27 Mart - 2 Nisan 2021,2 Nisan 2021,2021-04-02
İstanbul,591.45,27 Mart - 2 Nisan 2021,2 Nisan 2021,2021-04-02
İzmir,218.88,27 Mart - 2 Nisan 2021,2 Nisan 2021,2021-04-02
Kahramanmaraş,112.83,27 Mart - 2 Nisan 2021,2 Nisan 2021,2021-04-02
Karabük,202.78,27 Mart - 2 Nisan 2021,2 Nisan 2021,2021-04-02
Karaman,196.53,27 Mart - 2 Nisan 2021,2 Nisan 2021,2021-04-02
Kars,106.34,27 Mart - 2 Nisan 2021,2 Nisan 2021,2021-04-02
Kastamonu,453.0,27 Mart - 2 Nisan 2021,2 Nisan 2021,2021-04-02
Kayseri,315.94,27 Mart - 2 Nisan 2021,2 Nisan 2021,2021-04-02
Kırıkkale,179.76,27 Mart - 2 Nisan 2021,2 Nisan 2021,2021-04-02
Kırklareli,518.33,27 Mart - 2 Nisan 2021,2 Nisan 2021,2021-04-02
Kırşehir,158.0,27 Mart - 2 Nisan 2021,2 Nisan 2021,2021-04-02
Kilis,385.88,27 Mart - 2 Nisan 2021,2 Nisan 2021,2021-04-02
Kocaeli,371.11,27 Mart - 2 Nisan 2021,2 Nisan 2021,2021-04-02
Konya,426.17,27 Mart - 2 Nisan 2021,2 Nisan 2021,2021-04-02
Kütahya,190.57,27 Mart - 2 Nisan 2021,2 Nisan 2021,2021-04-02
Malatya,373.87,27 Mart - 2 Nisan 2021,2 Nisan 2021,2021-04-02
Manisa,139.04,27 Mart - 2 Nisan 2021,2 Nisan 2021,2021-04-02
Mardin,48.91,27 Mart - 2 Nisan 2021,2 Nisan 2021,2021-04-02
Mersin,122.17,27 Mart - 2 Nisan 2021,2 Nisan 2021,2021-04-02
Muğla,146.59,27 Mart - 2 Nisan 2021,2 Nisan 2021,2021-04-02
Muş,54.49,27 Mart - 2 Nisan 2021,2 Nisan 2021,2021-04-02
Nevşehir,209.53,27 Mart - 2 Nisan 2021,2 Nisan 2021,2021-04-02
Niğde,239.18,27 Mart - 2 Nisan 2021,2 Nisan 2021,2021-04-02
Ordu,459.94,27 Mart - 2 Nisan 2021,2 Nisan 2021,2021-04-02
Osmaniye,316.47,27 Mart - 2 Nisan 2021,2 Nisan 2021,2021-04-02
Rize,404.81,27 Mart - 2 Nisan 2021,2 Nisan 2021,2021-04-02
Sakarya,241.98,27 Mart - 2 Nisan 2021,2 Nisan 2021,2021-04-02
Samsun,678.72,27 Mart - 2 Nisan 2021,2 Nisan 2021,2021-04-02
Siirt,50.74,27 Mart - 2 Nisan 2021,2 Nisan 2021,2021-04-02
Sinop,360.34,27 Mart - 2 Nisan 2021,2 Nisan 2021,2021-04-02
Sivas,164.97,27 Mart - 2 Nisan 2021,2 Nisan 2021,2021-04-02
Şanlıurfa,40.7,27 Mart - 2 Nisan 2021,2 Nisan 2021,2021-04-02
Şırnak,23.43,27 Mart - 2 Nisan 2021,2 Nisan 2021,2021-04-02
Tekirdağ,409.13,27 Mart - 2 Nisan 2021,2 Nisan 2021,2021-04-02
Tokat,334.86,27 Mart - 2 Nisan 2021,2 Nisan 2021,2021-04-02
Trabzon,353.49,27 Mart - 2 Nisan 2021,2 Nisan 2021,2021-04-02
Tunceli,170.18,27 Mart - 2 Nisan 2021,2 Nisan 2021,2021-04-02
Uşak,84.72,27 Mart - 2 Nisan 2021,2 Nisan 2021,2021-04-02
Van,42.55,27 Mart - 2 Nisan 2021,2 Nisan 2021,2021-04-02
Yalova,564.03,27 Mart - 2 Nisan 2021,2 Nisan 2021,2021-04-02
Yozgat,234.55,27 Mart - 2 Nisan 2021,2 Nisan 2021,2021-04-02
Zonguldak,205.85,27 Mart - 2 Nisan 2021,2 Nisan 2021,2021-04-02
Adana,171.16,03-09 Nisan 2021,09 Nisan 2021,2021-04-09
Adıyaman,260.89,03-09 Nisan 2021,09 Nisan 2021,2021-04-09
Afyon,248.2,03-09 Nisan 2021,09 Nisan 2021,2021-04-09
Ağrı,254.19,03-09 Nisan 2021,09 Nisan 2021,2021-04-09
Aksaray,328.83,03-09 Nisan 2021,09 Nisan 2021,2021-04-09
Amasya,424.45,03-09 Nisan 2021,09 Nisan 2021,2021-04-09
Ankara,419.06,03-09 Nisan 2021,09 Nisan 2021,2021-04-09
Antalya,270.96,03-09 Nisan 2021,09 Nisan 2021,2021-04-09
Ardahan,179.91,03-09 Nisan 2021,09 Nisan 2021,2021-04-09
Artvin,223.6,03-09 Nisan 2021,09 Nisan 2021,2021-04-09
Aydın,223.67,03-09 Nisan 2021,09 Nisan 2021,2021-04-09
Balıkesir,529.88,03-09 Nisan 2021,09 Nisan 2021,2021-04-09
Bartın,432.21,03-09 Nisan 2021,09 Nisan 2021,2021-04-09
Batman,109.14,03-09 Nisan 2021,09 Nisan 2021,2021-04-09
Bayburt,472.47,03-09 Nisan 2021,09 Nisan 2021,2021-04-09
Bilecik,480.53,03-09 Nisan 2021,09 Nisan 2021,2021-04-09
Bingöl,204.42,03-09 Nisan 2021,09 Nisan 2021,2021-04-09
Bitlis,105.7,03-09 Nisan 2021,09 Nisan 2021,2021-04-09
Bolu,327.19,03-09 Nisan 2021,09 Nisan 2021,2021-04-09
Burdur,150.14,03-09 Nisan 2021,09 Nisan 2021,2021-04-09
Bursa,418.37,03-09 Nisan 2021,09 Nisan 2021,2021-04-09
Çanakkale,797.34,03-09 Nisan 2021,09 Nisan 2021,2021-04-09
Çankırı,411.58,03-09 Nisan 2021,09 Nisan 2021,2021-04-09
Çorum,425.56,03-09 Nisan 2021,09 Nisan 2021,2021-04-09
Denizli,142.86,03-09 Nisan 2021,09 Nisan 2021,2021-04-09
Diyarbakır,93.92,03-09 Nisan 2021,09 Nisan 2021,2021-04-09
Düzce,354.83,03-09 Nisan 2021,09 Nisan 2021,2021-04-09
Edirne,577.54,03-09 Nisan 2021,09 Nisan 2021,2021-04-09
Elazığ,250.19,03-09 Nisan 2021,09 Nisan 2021,2021-04-09
Erzincan,466.66,03-09 Nisan 2021,09 Nisan 2021,2021-04-09
Erzurum,369.78,03-09 Nisan 2021,09 Nisan 2021,2021-04-09
Eskişehir,524.85,03-09 Nisan 2021,09 Nisan 2021,2021-04-09
Gaziantep,244.58,03-09 Nisan 2021,09 Nisan 2021,2021-04-09
Giresun,591.01,03-09 Nisan 2021,09 Nisan 2021,2021-04-09
Gümüşhane,239.23,03-09 Nisan 2021,09 Nisan 2021,2021-04-09
Hakkari,46.34,03-09 Nisan 2021,09 Nisan 2021,2021-04-09
Hatay,185.5,03-09 Nisan 2021,09 Nisan 2021,2021-04-09
Iğdır,325.36,03-09 Nisan 2021,09 Nisan 2021,2021-04-09
Isparta,317.05,03-09 Nisan 2021,09 Nisan 2021,2021-04-09
İstanbul,804.97,03-09 Nisan 2021,09 Nisan 2021,2021-04-09
İzmir,304.07,03-09 Nisan 2021,09 Nisan 2021,2021-04-09
Kahramanmaraş,210.33,03-09 Nisan 2021,09 Nisan 2021,2021-04-09
Karabük,263.53,03-09 Nisan 2021,09 Nisan 2021,2021-04-09
Karaman,240.86,03-09 Nisan 2021,09 Nisan 2021,2021-04-09
Kars,191.28,03-09 Nisan 2021,09 Nisan 2021,2021-04-09
Kastamonu,653.33,03-09 Nisan 2021,09 Nisan 2021,2021-04-09
Kayseri,397.76,03-09 Nisan 2021,09 Nisan 2021,2021-04-09
Kırıkkale,324.72,03-09 Nisan 2021,09 Nisan 2021,2021-04-09
Kırklareli,882.13,03-09 Nisan 2021,09 Nisan 2021,2021-04-09
Kırşehir,237.82,03-09 Nisan 2021,09 Nisan 2021,2021-04-09
Kilis,508.43,03-09 Nisan 2021,09 Nisan 2021,2021-04-09
Kocaeli,523.52,03-09 Nisan 2021,09 Nisan 2021,2021-04-09
Konya,495.24,03-09 Nisan 2021,09 Nisan 2021,2021-04-09
Kütahya,280.57,03-09 Nisan 2021,09 Nisan 2021,2021-04-09
Malatya,504.0,03-09 Nisan 2021,09 Nisan 2021,2021-04-09
Manisa,239.69,03-09 Nisan 2021,09 Nisan 2021,2021-04-09
Mardin,63.06,03-09 Nisan 2021,09 Nisan 2021,2021-04-09
Mersin,181.94,03-09 Nisan 2021,09 Nisan 2021,2021-04-09
Muğla,204.34,03-09 Nisan 2021,09 Nisan 2021,2021-04-09
Muş,94.86,03-09 Nisan 2021,09 Nisan 2021,2021-04-09
Nevşehir,343.98,03-09 Nisan 2021,09 Nisan 2021,2021-04-09
Niğde,294.14,03-09 Nisan 2021,09 Nisan 2021,2021-04-09
Ordu,501.71,03-09 Nisan 2021,09 Nisan 2021,2021-04-09
Osmaniye,382.82,03-09 Nisan 2021,09 Nisan 2021,2021-04-09
Rize,453.31,03-09 Nisan 2021,09 Nisan 2021,2021-04-09
Sakarya,327.15,03-09 Nisan 2021,09 Nisan 2021,2021-04-09
Samsun,645.17,03-09 Nisan 2021,09 Nisan 2021,2021-04-09
Siirt,73.7,03-09 Nisan 2021,09 Nisan 2021,2021-04-09
Sinop,398.69,03-09 Nisan 2021,09 Nisan 2021,2021-04-09
Sivas,297.54,03-09 Nisan 2021,09 Nisan 2021,2021-04-09
Şanlıurfa,61.84,03-09 Nisan 2021,09 Nisan 2021,2021-04-09
Şırnak,32.17,03-09 Nisan 2021,09 Nisan 2021,2021-04-09
Tekirdağ,619.85,03-09 Nisan 2021,09 Nisan 2021,2021-04-09
Tokat,425.35,03-09 Nisan 2021,09 Nisan 2021,2021-04-09
Trabzon,359.28,03-09 Nisan 2021,09 Nisan 2021,2021-04-09
Tunceli,203.73,03-09 Nisan 2021,09 Nisan 2021,2021-04-09
Uşak,122.08,03-09 Nisan 2021,09 Nisan 2021,2021-04-09
Van,61.69,03-09 Nisan 2021,09 Nisan 2021,2021-04-09
Yalova,690.82,03-09 Nisan 2021,09 Nisan 2021,2021-04-09
Yozgat,350.28,03-09 Nisan 2021,09 Nisan 2021,2021-04-09
Zonguldak,300.74,03-09 Nisan 2021,09 Nisan 2021,2021-04-09
Adana,86.95,20-26 Mart 2021,26 Mart 2021,2021-03-26
Adıyaman,199.7,20-26 Mart 2021,26 Mart 2021,2021-03-26
Afyon,70.43,20-26 Mart 2021,26 Mart 2021,2021-03-26
Ağrı,59.02,20-26 Mart 2021,26 Mart 2021,2021-03-26
Aksaray,231.44,20-26 Mart 2021,26 Mart 2021,2021-03-26
Amasya,279.89,20-26 Mart 2021,26 Mart 2021,2021-03-26
Ankara,184.29,20-26 Mart 2021,26 Mart 2021,2021-03-26
Antalya,143.86,20-26 Mart 2021,26 Mart 2021,2021-03-26
Ardahan,134.15,20-26 Mart 2021,26 Mart 2021,2021-03-26
Artvin,131.56,20-26 Mart 2021,26 Mart 2021,2021-03-26
Aydın,109.11,20-26 Mart 2021,26 Mart 2021,2021-03-26
Balıkesir,344.84,20-26 Mart 2021,26 Mart 2021,2021-03-26
Bartın,136.2,20-26 Mart 2021,26 Mart 2021,2021-03-26
Batman,46.11,20-26 Mart 2021,26 Mart 2021,2021-03-26
Bayburt,161.15,20-26 Mart 2021,26 Mart 2021,2021-03-26
Bilecik,227.69,20-26 Mart 2021,26 Mart 2021,2021-03-26
Bingöl,69.56,20-26 Mart 2021,26 Mart 2021,2021-03-26
Bitlis,37.04,20-26 Mart 2021,26 Mart 2021,2021-03-26
Bolu,183.61,20-26 Mart 2021,26 Mart 2021,2021-03-26
Burdur,82.74,20-26 Mart 2021,26 Mart 2021,2021-03-26
Bursa,159.68,20-26 Mart 2021,26 Mart 2021,2021-03-26
Çanakkale,348.81,20-26 Mart 2021,26 Mart 2021,2021-03-26
Çankırı,247.88,20-26 Mart 2021,26 Mart 2021,2021-03-26
Çorum,232.77,20-26 Mart 2021,26 Mart 2021,2021-03-26
Denizli,68.4,20-26 Mart 2021,26 Mart 2021,2021-03-26
Diyarbakır,36.28,20-26 Mart 2021,26 Mart 2021,2021-03-26
Düzce,123.33,20-26 Mart 2021,26 Mart 2021,2021-03-26
Edirne,265.84,20-26 Mart 2021,26 Mart 2021,2021-03-26
Elazığ,117.87,20-26 Mart 2021,26 Mart 2021,2021-03-26
Erzincan,200.06,20-26 Mart 2021,26 Mart 2021,2021-03-26
Erzurum,118.95,20-26 Mart 2021,26 Mart 2021,2021-03-26
Eskişehir,235.25,20-26 Mart 2021,26 Mart 2021,2021-03-26
Gaziantep,134.16,20-26 Mart 2021,26 Mart 2021,2021-03-26
Giresun,397.57,20-26 Mart 2021,26 Mart 2021,2021-03-26
Gümüşhane,124.2,20-26 Mart 2021,26 Mart 2021,2021-03-26
Hakkari,35.65,20-26 Mart 2021,26 Mart 2021,2021-03-26
Hatay,89.13,20-26 Mart 2021,26 Mart 2021,2021-03-26
Iğdır,145.05,20-26 Mart 2021,26 Mart 2021,2021-03-26
Isparta,112.88,20-26 Mart 2021,26 Mart 2021,2021-03-26
İstanbul,401.62,20-26 Mart 2021,26 Mart 2021,2021-03-26
İzmir,156.48,20-26 Mart 2021,26 Mart 2021,2021-03-26
Kahramanmaraş,89.03,20-26 Mart 2021,26 Mart 2021,2021-03-26
Karabük,106.32,20-26 Mart 2021,26 Mart 2021,2021-03-26
Karaman,154.95,20-26 Mart 2021,26 Mart 2021,2021-03-26
Kars,55.8,20-26 Mart 2021,26 Mart 2021,2021-03-26
Kastamonu,329.19,20-26 Mart 2021,26 Mart 2021,2021-03-26
Kayseri,260.16,20-26 Mart 2021,26 Mart 2021,2021-03-26
Kırıkkale,114.46,20-26 Mart 2021,26 Mart 2021,2021-03-26
Kırklareli,298.28,20-26 Mart 2021,26 Mart 2021,2021-03-26
Kırşehir,95.87,20-26 Mart 2021,26 Mart 2021,2021-03-26
Kilis,324.25,20-26 Mart 2021,26 Mart 2021,2021-03-26
Kocaeli,262.11,20-26 Mart 2021,26 Mart 2021,2021-03-26
Konya,334.97,20-26 Mart 2021,26 Mart 2021,2021-03-26
Kütahya,153.12,20-26 Mart 2021,26 Mart 2021,2021-03-26
Malatya,283.32,20-26 Mart 2021,26 Mart 2021,2021-03-26
Manisa,82.72,20-26 Mart 2021,26 Mart 2021,2021-03-26
Mardin,31.24,20-26 Mart 2021,26 Mart 2021,2021-03-26
Mersin,110.66,20-26 Mart 2021,26 Mart 2021,2021-03-26
Muğla,112.81,20-26 Mart 2021,26 Mart 2021,2021-03-26
Muş,33.57,20-26 Mart 2021,26 Mart 2021,2021-03-26
Nevşehir,124.28,20-26 Mart 2021,26 Mart 2021,2021-03-26
Niğde,140.58,20-26 Mart 2021,26 Mart 2021,2021-03-26
Ordu,322.96,20-26 Mart 2021,26 Mart 2021,2021-03-26
Osmaniye,244.1,20-26 Mart 2021,26 Mart 2021,2021-03-26
Rize,250.03,20-26 Mart 2021,26 Mart 2021,2021-03-26
Sakarya,181.17,20-26 Mart 2021,26 Mart 2021,2021-03-26
Samsun,586.84,20-26 Mart 2021,26 Mart 2021,2021-03-26
Siirt,22.65,20-26 Mart 2021,26 Mart 2021,2021-03-26
Sinop,354.8,20-26 Mart 2021,26 Mart 2021,2021-03-26
Sivas,114.33,20-26 Mart 2021,26 Mart 2021,2021-03-26
Şanlıurfa,28.98,20-26 Mart 2021,26 Mart 2021,2021-03-26
Şırnak,13.57,20-26 Mart 2021,26 Mart 2021,2021-03-26
Tekirdağ,273.06,20-26 Mart 2021,26 Mart 2021,2021-03-26
Tokat,273.47,20-26 Mart 2021,26 Mart 2021,2021-03-26
Trabzon,278.24,20-26 Mart 2021,26 Mart 2021,2021-03-26
Tunceli,86.29,20-26 Mart 2021,26 Mart 2021,2021-03-26
Uşak,38.71,20-26 Mart 2021,26 Mart 2021,2021-03-26
Van,31.58,20-26 Mart 2021,26 Mart 2021,2021-03-26
Yalova,400.65,20-26 Mart 2021,26 Mart 2021,2021-03-26
Yozgat,169.17,20-26 Mart 2021,26 Mart 2021,2021-03-26
Zonguldak,126.01,20-26 Mart 2021,26 Mart 2021,2021-03-26
Adana,192.54,17-23 Nisan 2021,23 Nisan 2021,2021-04-23
Adıyaman,200.01,17-23 Nisan 2021,23 Nisan 2021,2021-04-23
Afyon,417.01,17-23 Nisan 2021,23 Nisan 2021,2021-04-23
Ağrı,389.96,17-23 Nisan 2021,23 Nisan 2021,2021-04-23
Aksaray,388.41,17-23 Nisan 2021,23 Nisan 2021,2021-04-23
Amasya,423.26,17-23 Nisan 2021,23 Nisan 2021,2021-04-23
Ankara,567.88,17-23 Nisan 2021,23 Nisan 2021,2021-04-23
Antalya,324.57,17-23 Nisan 2021,23 Nisan 2021,2021-04-23
Ardahan,269.34,17-23 Nisan 2021,23 Nisan 2021,2021-04-23
Artvin,250.15,17-23 Nisan 2021,23 Nisan 2021,2021-04-23
Aydın,274.87,17-23 Nisan 2021,23 Nisan 2021,2021-04-23
Balıkesir,496.34,17-23 Nisan 2021,23 Nisan 2021,2021-04-23
Bartın,519.65,17-23 Nisan 2021,23 Nisan 2021,2021-04-23
Batman,182.5,17-23 Nisan 2021,23 Nisan 2021,2021-04-23
Bayburt,601.88,17-23 Nisan 2021,23 Nisan 2021,2021-04-23
Bilecik,525.79,17-23 Nisan 2021,23 Nisan 2021,2021-04-23
Bingöl,271.15,17-23 Nisan 2021,23 Nisan 2021,2021-04-23
Bitlis,186.33,17-23 Nisan 2021,23 Nisan 2021,2021-04-23
Bolu,504.13,17-23 Nisan 2021,23 Nisan 2021,2021-04-23
Burdur,274.81,17-23 Nisan 2021,23 Nisan 2021,2021-04-23
Bursa,502.41,17-23 Nisan 2021,23 Nisan 2021,2021-04-23
Çanakkale,838.89,17-23 Nisan 2021,23 Nisan 2021,2021-04-23
Çankırı,394.43,17-23 Nisan 2021,23 Nisan 2021,2021-04-23
Çorum,467.25,17-23 Nisan 2021,23 Nisan 2021,2021-04-23
Denizli,232.39,17-23 Nisan 2021,23 Nisan 2021,2021-04-23
Diyarbakır,143.6,17-23 Nisan 2021,23 Nisan 2021,2021-04-23
Düzce,567.88,17-23 Nisan 2021,23 Nisan 2021,2021-04-23
Edirne,536.83,17-23 Nisan 2021,23 Nisan 2021,2021-04-23
Elazığ,300.7,17-23 Nisan 2021,23 Nisan 2021,2021-04-23
Erzincan,632.17,17-23 Nisan 2021,23 Nisan 2021,2021-04-23
Erzurum,555.73,17-23 Nisan 2021,23 Nisan 2021,2021-04-23
Eskişehir,535.87,17-23 Nisan 2021,23 Nisan 2021,2021-04-23
Gaziantep,287.89,17-23 Nisan 2021,23 Nisan 2021,2021-04-23
Giresun,706.23,17-23 Nisan 2021,23 Nisan 2021,2021-04-23
Gümüşhane,333.8,17-23 Nisan 2021,23 Nisan 2021,2021-04-23
Hakkari,150.79,17-23 Nisan 2021,23 Nisan 2021,2021-04-23
Hatay,239.74,17-23 Nisan 2021,23 Nisan 2021,2021-04-23
Iğdır,348.71,17-23 Nisan 2021,23 Nisan 2021,2021-04-23
Isparta,351.35,17-23 Nisan 2021,23 Nisan 2021,2021-04-23
İstanbul,854.75,17-23 Nisan 2021,23 Nisan 2021,2021-04-23
İzmir,335.09,17-23 Nisan 2021,23 Nisan 2021,2021-04-23
Kahramanmaraş,239.09,17-23 Nisan 2021,23 Nisan 2021,2021-04-23
Karabük,435.11,17-23 Nisan 2021,23 Nisan 2021,2021-04-23
Karaman,364.43,17-23 Nisan 2021,23 Nisan 2021,2021-04-23
Kars,351.32,17-23 Nisan 2021,23 Nisan 2021,2021-04-23
Kastamonu,522.88,17-23 Nisan 2021,23 Nisan 2021,2021-04-23
Kayseri,517.92,17-23 Nisan 2021,23 Nisan 2021,2021-04-23
Kırıkkale,444.92,17-23 Nisan 2021,23 Nisan 2021,2021-04-23
Kırklareli,721.8,17-23 Nisan 2021,23 Nisan 2021,2021-04-23
Kırşehir,399.52,17-23 Nisan 2021,23 Nisan 2021,2021-04-23
Kilis,354.36,17-23 Nisan 2021,23 Nisan 2021,2021-04-23
Kocaeli,679.88,17-23 Nisan 2021,23 Nisan 2021,2021-04-23
Konya,538.57,17-23 Nisan 2021,23 Nisan 2021,2021-04-23
Kütahya,427.44,17-23 Nisan 2021,23 Nisan 2021,2021-04-23
Malatya,540.59,17-23 Nisan 2021,23 Nisan 2021,2021-04-23
Manisa,326.62,17-23 Nisan 2021,23 Nisan 2021,2021-04-23
Mardin,95.0,17-23 Nisan 2021,23 Nisan 2021,2021-04-23
Mersin,208.91,17-23 Nisan 2021,23 Nisan 2021,2021-04-23
Muğla,250.91,17-23 Nisan 2021,23 Nisan 2021,2021-04-23
Muş,153.0,17-23 Nisan 2021,23 Nisan 2021,2021-04-23
Nevşehir,463.34,17-23 Nisan 2021,23 Nisan 2021,2021-04-23
Niğde,407.65,17-23 Nisan 2021,23 Nisan 2021,2021-04-23
Ordu,528.24,17-23 Nisan 2021,23 Nisan 2021,2021-04-23
Osmaniye,292.22,17-23 Nisan 2021,23 Nisan 2021,2021-04-23
Rize,508.19,17-23 Nisan 2021,23 Nisan 2021,2021-04-23
Sakarya,414.52,17-23 Nisan 2021,23 Nisan 2021,2021-04-23
Samsun,481.9,17-23 Nisan 2021,23 Nisan 2021,2021-04-23
Siirt,123.84,17-23 Nisan 2021,23 Nisan 2021,2021-04-23
Sinop,445.35,17-23 Nisan 2021,23 Nisan 2021,2021-04-23
Sivas,402.9,17-23 Nisan 2021,23 Nisan 2021,2021-04-23
Şanlıurfa,104.24,17-23 Nisan 2021,23 Nisan 2021,2021-04-23
Şırnak,55.04,17-23 Nisan 2021,23 Nisan 2021,2021-04-23
Tekirdağ,772.2,17-23 Nisan 2021,23 Nisan 2021,2021-04-23
Tokat,416.65,17-23 Nisan 2021,23 Nisan 2021,2021-04-23
Trabzon,353.74,17-23 Nisan 2021,23 Nisan 2021,2021-04-23
Tunceli,318.78,17-23 Nisan 2021,23 Nisan 2021,2021-04-23
Uşak,240.1,17-23 Nisan 2021,23 Nisan 2021,2021-04-23
Van,104.49,17-23 Nisan 2021,23 Nisan 2021,2021-04-23
Yalova,638.65,17-23 Nisan 2021,23 Nisan 2021,2021-04-23
Yozgat,388.93,17-23 Nisan 2021,23 Nisan 2021,2021-04-23
Zonguldak,578.82,17-23 Nisan 2021,23 Nisan 2021,2021-04-23
Adana,106.7,24- 30 Nisan 2021,30 Nisan 2021,2021-04-30
Adıyaman,117.32,24- 30 Nisan 2021,30 Nisan 2021,2021-04-30
Afyon,289.45,24- 30 Nisan 2021,30 Nisan 2021,2021-04-30
Ağrı,285.0,24- 30 Nisan 2021,30 Nisan 2021,2021-04-30
Aksaray,266.9,24- 30 Nisan 2021,30 Nisan 2021,2021-04-30
Amasya,291.51,24- 30 Nisan 2021,30 Nisan 2021,2021-04-30
Ankara,361.52,24- 30 Nisan 2021,30 Nisan 2021,2021-04-30
Antalya,200.37,24- 30 Nisan 2021,30 Nisan 2021,2021-04-30
Ardahan,251.66,24- 30 Nisan 2021,30 Nisan 2021,2021-04-30
Artvin,194.1,24- 30 Nisan 2021,30 Nisan 2021,2021-04-30
Aydın,162.45,24- 30 Nisan 2021,30 Nisan 2021,2021-04-30
Balıkesir,318.88,24- 30 Nisan 2021,30 Nisan 2021,2021-04-30
Bartın,321.14,24- 30 Nisan 2021,30 Nisan 2021,2021-04-30
Batman,120.91,24- 30 Nisan 2021,30 Nisan 2021,2021-04-30
Bayburt,352.83,24- 30 Nisan 2021,30 Nisan 2021,2021-04-30
Bilecik,310.45,24- 30 Nisan 2021,30 Nisan 2021,2021-04-30
Bingöl,154.38,24- 30 Nisan 2021,30 Nisan 2021,2021-04-30
Bitlis,152.14,24- 30 Nisan 2021,30 Nisan 2021,2021-04-30
Bolu,365.31,24- 30 Nisan 2021,30 Nisan 2021,2021-04-30
Burdur,216.78,24- 30 Nisan 2021,30 Nisan 2021,2021-04-30
Bursa,327.35,24- 30 Nisan 2021,30 Nisan 2021,2021-04-30
Çanakkale,439.11,24- 30 Nisan 2021,30 Nisan 2021,2021-04-30
Çankırı,267.63,24- 30 Nisan 2021,30 Nisan 2021,2021-04-30
Çorum,315.02,24- 30 Nisan 2021,30 Nisan 2021,2021-04-30
Denizli,182.44,24- 30 Nisan 2021,30 Nisan 2021,2021-04-30
Diyarbakır,100.09,24- 30 Nisan 2021,30 Nisan 2021,2021-04-30
Düzce,400.07,24- 30 Nisan 2021,30 Nisan 2021,2021-04-30
Edirne,340.88,24- 30 Nisan 2021,30 Nisan 2021,2021-04-30
Elazığ,197.29,24- 30 Nisan 2021,30 Nisan 2021,2021-04-30
Erzincan,428.7,24- 30 Nisan 2021,30 Nisan 2021,2021-04-30
Erzurum,395.24,24- 30 Nisan 2021,30 Nisan 2021,2021-04-30
Eskişehir,348.1,24- 30 Nisan 2021,30 Nisan 2021,2021-04-30
Gaziantep,167.91,24- 30 Nisan 2021,30 Nisan 2021,2021-04-30
Giresun,388.44,24- 30 Nisan 2021,30 Nisan 2021,2021-04-30
Gümüşhane,248.41,24- 30 Nisan 2021,30 Nisan 2021,2021-04-30
Hakkari,122.28,24- 30 Nisan 2021,30 Nisan 2021,2021-04-30
Hatay,130.84,24- 30 Nisan 2021,30 Nisan 2021,2021-04-30
Iğdır,159.45,24- 30 Nisan 2021,30 Nisan 2021,2021-04-30
Isparta,243.92,24- 30 Nisan 2021,30 Nisan 2021,2021-04-30
İstanbul,532.02,24- 30 Nisan 2021,30 Nisan 2021,2021-04-30
İzmir,223.34,24- 30 Nisan 2021,30 Nisan 2021,2021-04-30
Kahramanmaraş,137.57,24- 30 Nisan 2021,30 Nisan 2021,2021-04-30
Karabük,274.2,24- 30 Nisan 2021,30 Nisan 2021,2021-04-30
Karaman,256.55,24- 30 Nisan 2021,30 Nisan 2021,2021-04-30
Kars,293.41,24- 30 Nisan 2021,30 Nisan 2021,2021-04-30
Kastamonu,437.59,24- 30 Nisan 2021,30 Nisan 2021,2021-04-30
Kayseri,339.44,24- 30 Nisan 2021,30 Nisan 2021,2021-04-30
Kırıkkale,345.89,24- 30 Nisan 2021,30 Nisan 2021,2021-04-30
Kırklareli,498.7,24- 30 Nisan 2021,30 Nisan 2021,2021-04-30
Kırşehir,256.75,24- 30 Nisan 2021,30 Nisan 2021,2021-04-30
Kilis,244.41,24- 30 Nisan 2021,30 Nisan 2021,2021-04-30
Kocaeli,437.65,24- 30 Nisan 2021,30 Nisan 2021,2021-04-30
Konya,347.11,24- 30 Nisan 2021,30 Nisan 2021,2021-04-30
Kütahya,330.51,24- 30 Nisan 2021,30 Nisan 2021,2021-04-30
Malatya,320.04,24- 30 Nisan 2021,30 Nisan 2021,2021-04-30
Manisa,223.63,24- 30 Nisan 2021,30 Nisan 2021,2021-04-30
Mardin,76.4,24- 30 Nisan 2021,30 Nisan 2021,2021-04-30
Mersin,143.25,24- 30 Nisan 2021,30 Nisan 2021,2021-04-30
Muğla,183.46,24- 30 Nisan 2021,30 Nisan 2021,2021-04-30
Muş,113.11,24- 30 Nisan 2021,30 Nisan 2021,2021-04-30
Nevşehir,327.58,24- 30 Nisan 2021,30 Nisan 2021,2021-04-30
Niğde,292.21,24- 30 Nisan 2021,30 Nisan 2021,2021-04-30
Ordu,316.52,24- 30 Nisan 2021,30 Nisan 2021,2021-04-30
Osmaniye,139.64,24- 30 Nisan 2021,30 Nisan 2021,2021-04-30
Rize,353.7,24- 30 Nisan 2021,30 Nisan 2021,2021-04-30
Sakarya,300.77,24- 30 Nisan 2021,30 Nisan 2021,2021-04-30
Samsun,267.54,24- 30 Nisan 2021,30 Nisan 2021,2021-04-30
Siirt,79.14,24- 30 Nisan 2021,30 Nisan 2021,2021-04-30
Sinop,213.43,24- 30 Nisan 2021,30 Nisan 2021,2021-04-30
Sivas,285.58,24- 30 Nisan 2021,30 Nisan 2021,2021-04-30
Şanlıurfa,70.25,24- 30 Nisan 2021,30 Nisan 2021,2021-04-30
Şırnak,46.12,24- 30 Nisan 2021,30 Nisan 2021,2021-04-30
Tekirdağ,489.89,24- 30 Nisan 2021,30 Nisan 2021,2021-04-30
Tokat,313.45,24- 30 Nisan 2021,30 Nisan 2021,2021-04-30
Trabzon,237.71,24- 30 Nisan 2021,30 Nisan 2021,2021-04-30
Tunceli,207.33,24- 30 Nisan 2021,30 Nisan 2021,2021-04-30
Uşak,163.49,24- 30 Nisan 2021,30 Nisan 2021,2021-04-30
Van,90.75,24- 30 Nisan 2021,30 Nisan 2021,2021-04-30
Yalova,345.95,24- 30 Nisan 2021,30 Nisan 2021,2021-04-30
Yozgat,280.37,24- 30 Nisan 2021,30 Nisan 2021,2021-04-30
Zonguldak,332.37,24- 30 Nisan 2021,30 Nisan 2021,2021-04-30
Adana,61.41,01-07 Mayıs 2021,07 Mayıs 2021,2021-05-07
Adıyaman,94.55,01-07 Mayıs 2021,07 Mayıs 2021,2021-05-07
Afyon,212.64,01-07 Mayıs 2021,07 Mayıs 2021,2021-05-07
Ağrı,264.27,01-07 Mayıs 2021,07 Mayıs 2021,2021-05-07
Aksaray,163.12,01-07 Mayıs 2021,07 Mayıs 2021,2021-05-07
Amasya,216.7,01-07 Mayıs 2021,07 Mayıs 2021,2021-05-07
Ankara,247.68,01-07 Mayıs 2021,07 Mayıs 2021,2021-05-07
Antalya,131.38,01-07 Mayıs 2021,07 Mayıs 2021,2021-05-07
Ardahan,255.82,01-07 Mayıs 2021,07 Mayıs 2021,2021-05-07
Artvin,141.0,01-07 Mayıs 2021,07 Mayıs 2021,2021-05-07
Aydın,102.23,01-07 Mayıs 2021,07 Mayıs 2021,2021-05-07
Balıkesir,200.2,01-07 Mayıs 2021,07 Mayıs 2021,2021-05-07
Bartın,219.62,01-07 Mayıs 2021,07 Mayıs 2021,2021-05-07
Batman,91.25,01-07 Mayıs 2021,07 Mayıs 2021,2021-05-07
Bayburt,264.92,01-07 Mayıs 2021,07 Mayıs 2021,2021-05-07
Bilecik,259.24,01-07 Mayıs 2021,07 Mayıs 2021,2021-05-07
Bingöl,122.09,01-07 Mayıs 2021,07 Mayıs 2021,2021-05-07
Bitlis,132.2,01-07 Mayıs 2021,07 Mayıs 2021,2021-05-07
Bolu,282.72,01-07 Mayıs 2021,07 Mayıs 2021,2021-05-07
Burdur,170.73,01-07 Mayıs 2021,07 Mayıs 2021,2021-05-07
Bursa,207.97,01-07 Mayıs 2021,07 Mayıs 2021,2021-05-07
Çanakkale,233.59,01-07 Mayıs 2021,07 Mayıs 2021,2021-05-07
Çankırı,196.44,01-07 Mayıs 2021,07 Mayıs 2021,2021-05-07
Çorum,218.25,01-07 Mayıs 2021,07 Mayıs 2021,2021-05-07
Denizli,155.92,01-07 Mayıs 2021,07 Mayıs 2021,2021-05-07
Diyarbakır,86.97,01-07 Mayıs 2021,07 Mayıs 2021,2021-05-07
Düzce,222.66,01-07 Mayıs 2021,07 Mayıs 2021,2021-05-07
Edirne,204.53,01-07 Mayıs 2021,07 Mayıs 2021,2021-05-07
Elazığ,145.76,01-07 Mayıs 2021,07 Mayıs 2021,2021-05-07
Erzincan,270.02,01-07 Mayıs 2021,07 Mayıs 2021,2021-05-07
Erzurum,303.58,01-07 Mayıs 2021,07 Mayıs 2021,2021-05-07
Eskişehir,245.83,01-07 Mayıs 2021,07 Mayıs 2021,2021-05-07
Gaziantep,134.83,01-07 Mayıs 2021,07 Mayıs 2021,2021-05-07
Giresun,236.9,01-07 Mayıs 2021,07 Mayıs 2021,2021-05-07
Gümüşhane,187.01,01-07 Mayıs 2021,07 Mayıs 2021,2021-05-07
Hakkari,89.84,01-07 Mayıs 2021,07 Mayıs 2021,2021-05-07
Hatay,72.2,01-07 Mayıs 2021,07 Mayıs 2021,2021-05-07
Iğdır,153.99,01-07 Mayıs 2021,07 Mayıs 2021,2021-05-07
Isparta,211.44,01-07 Mayıs 2021,07 Mayıs 2021,2021-05-07
İstanbul,359.99,01-07 Mayıs 2021,07 Mayıs 2021,2021-05-07
İzmir,161.92,01-07 Mayıs 2021,07 Mayıs 2021,2021-05-07
Kahramanmaraş,91.68,01-07 Mayıs 2021,07 Mayıs 2021,2021-05-07
Karabük,222.48,01-07 Mayıs 2021,07 Mayıs 2021,2021-05-07
Karaman,216.54,01-07 Mayıs 2021,07 Mayıs 2021,2021-05-07
Kars,227.78,01-07 Mayıs 2021,07 Mayıs 2021,2021-05-07
Kastamonu,340.08,01-07 Mayıs 2021,07 Mayıs 2021,2021-05-07
Kayseri,261.0,01-07 Mayıs 2021,07 Mayıs 2021,2021-05-07
Kırıkkale,243.99,01-07 Mayıs 2021,07 Mayıs 2021,2021-05-07
Kırklareli,287.23,01-07 Mayıs 2021,07 Mayıs 2021,2021-05-07
Kırşehir,189.27,01-07 Mayıs 2021,07 Mayıs 2021,2021-05-07
Kilis,132.36,01-07 Mayıs 2021,07 Mayıs 2021,2021-05-07
Kocaeli,297.76,01-07 Mayıs 2021,07 Mayıs 2021,2021-05-07
Konya,228.09,01-07 Mayıs 2021,07 Mayıs 2021,2021-05-07
Kütahya,273.46,01-07 Mayıs 2021,07 Mayıs 2021,2021-05-07
Malatya,205.05,01-07 Mayıs 2021,07 Mayıs 2021,2021-05-07
Manisa,145.25,01-07 Mayıs 2021,07 Mayıs 2021,2021-05-07
Mardin,62.36,01-07 Mayıs 2021,07 Mayıs 2021,2021-05-07
Mersin,84.71,01-07 Mayıs 2021,07 Mayıs 2021,2021-05-07
Muğla,132.9,01-07 Mayıs 2021,07 Mayıs 2021,2021-05-07
Muş,95.11,01-07 Mayıs 2021,07 Mayıs 2021,2021-05-07
Nevşehir,254.79,01-07 Mayıs 2021,07 Mayıs 2021,2021-05-07
Niğde,203.83,01-07 Mayıs 2021,07 Mayıs 2021,2021-05-07
Ordu,260.97,01-07 Mayıs 2021,07 Mayıs 2021,2021-05-07
Osmaniye,79.12,01-07 Mayıs 2021,07 Mayıs 2021,2021-05-07
Rize,270.94,01-07 Mayıs 2021,07 Mayıs 2021,2021-05-07
Sakarya,197.67,01-07 Mayıs 2021,07 Mayıs 2021,2021-05-07
Samsun,189.0,01-07 Mayıs 2021,07 Mayıs 2021,2021-05-07
Siirt,78.23,01-07 Mayıs 2021,07 Mayıs 2021,2021-05-07
Sinop,167.24,01-07 Mayıs 2021,07 Mayıs 2021,2021-05-07
Sivas,234.0,01-07 Mayıs 2021,07 Mayıs 2021,2021-05-07
Şanlıurfa,66.89,01-07 Mayıs 2021,07 Mayıs 2021,2021-05-07
Şırnak,36.08,01-07 Mayıs 2021,07 Mayıs 2021,2021-05-07
Tekirdağ,318.48,01-07 Mayıs 2021,07 Mayıs 2021,2021-05-07
Tokat,224.13,01-07 Mayıs 2021,07 Mayıs 2021,2021-05-07
Trabzon,198.55,01-07 Mayıs 2021,07 Mayıs 2021,2021-05-07
Tunceli,123.44,01-07 Mayıs 2021,07 Mayıs 2021,2021-05-07
Uşak,132.09,01-07 Mayıs 2021,07 Mayıs 2021,2021-05-07
Van,71.95,01-07 Mayıs 2021,07 Mayıs 2021,2021-05-07
Yalova,197.07,01-07 Mayıs 2021,07 Mayıs 2021,2021-05-07
Yozgat,204.25,01-07 Mayıs 2021,07 Mayıs 2021,2021-05-07
Zonguldak,309.37,01-07 Mayıs 2021,07 Mayıs 2021,2021-05-07
Adana,28.69,08- 14 Mayıs 2021,14 Mayıs 2021,2021-05-14
Adıyaman,48.38,08- 14 Mayıs 2021,14 Mayıs 2021,2021-05-14
Afyon,106.25,08- 14 Mayıs 2021,14 Mayıs 2021,2021-05-14
Ağrı,182.84,08- 14 Mayıs 2021,14 Mayıs 2021,2021-05-14
Aksaray,93.38,08- 14 Mayıs 2021,14 Mayıs 2021,2021-05-14
Amasya,125.19,08- 14 Mayıs 2021,14 Mayıs 2021,2021-05-14
Ankara,152.63,08- 14 Mayıs 2021,14 Mayıs 2021,2021-05-14
Antalya,61.65,08- 14 Mayıs 2021,14 Mayıs 2021,2021-05-14
Ardahan,122.71,08- 14 Mayıs 2021,14 Mayıs 2021,2021-05-14
Artvin,78.47,08- 14 Mayıs 2021,14 Mayıs 2021,2021-05-14
Aydın,47.36,08- 14 Mayıs 2021,14 Mayıs 2021,2021-05-14
Balıkesir,113.84,08- 14 Mayıs 2021,14 Mayıs 2021,2021-05-14
Bartın,126.14,08- 14 Mayıs 2021,14 Mayıs 2021,2021-05-14
Batman,56.91,08- 14 Mayıs 2021,14 Mayıs 2021,2021-05-14
Bayburt,95.23,08- 14 Mayıs 2021,14 Mayıs 2021,2021-05-14
Bilecik,156.37,08- 14 Mayıs 2021,14 Mayıs 2021,2021-05-14
Bingöl,64.59,08- 14 Mayıs 2021,14 Mayıs 2021,2021-05-14
Bitlis,96.87,08- 14 Mayıs 2021,14 Mayıs 2021,2021-05-14
Bolu,155.65,08- 14 Mayıs 2021,14 Mayıs 2021,2021-05-14
Burdur,99.97,08- 14 Mayıs 2021,14 Mayıs 2021,2021-05-14
Bursa,110.35,08- 14 Mayıs 2021,14 Mayıs 2021,2021-05-14
Çanakkale,120.95,08- 14 Mayıs 2021,14 Mayıs 2021,2021-05-14
Çankırı,153.3,08- 14 Mayıs 2021,14 Mayıs 2021,2021-05-14
Çorum,129.78,08- 14 Mayıs 2021,14 Mayıs 2021,2021-05-14
Denizli,92.9,08- 14 Mayıs 2021,14 Mayıs 2021,2021-05-14
Diyarbakır,63.81,08- 14 Mayıs 2021,14 Mayıs 2021,2021-05-14
Düzce,127.88,08- 14 Mayıs 2021,14 Mayıs 2021,2021-05-14
Edirne,82.16,08- 14 Mayıs 2021,14 Mayıs 2021,2021-05-14
Elazığ,91.5,08- 14 Mayıs 2021,14 Mayıs 2021,2021-05-14
Erzincan,154.84,08- 14 Mayıs 2021,14 Mayıs 2021,2021-05-14
Erzurum,192.28,08- 14 Mayıs 2021,14 Mayıs 2021,2021-05-14
Eskişehir,146.26,08- 14 Mayıs 2021,14 Mayıs 2021,2021-05-14
Gaziantep,76.53,08- 14 Mayıs 2021,14 Mayıs 2021,2021-05-14
Giresun,134.83,08- 14 Mayıs 2021,14 Mayıs 2021,2021-05-14
Gümüşhane,109.38,08- 14 Mayıs 2021,14 Mayıs 2021,2021-05-14
Hakkari,78.43,08- 14 Mayıs 2021,14 Mayıs 2021,2021-05-14
Hatay,32.54,08- 14 Mayıs 2021,14 Mayıs 2021,2021-05-14
Iğdır,78.48,08- 14 Mayıs 2021,14 Mayıs 2021,2021-05-14
Isparta,137.18,08- 14 Mayıs 2021,14 Mayıs 2021,2021-05-14
İstanbul,184.78,08- 14 Mayıs 2021,14 Mayıs 2021,2021-05-14
İzmir,93.86,08- 14 Mayıs 2021,14 Mayıs 2021,2021-05-14
Kahramanmaraş,43.06,08- 14 Mayıs 2021,14 Mayıs 2021,2021-05-14
Karabük,134.23,08- 14 Mayıs 2021,14 Mayıs 2021,2021-05-14
Karaman,129.85,08- 14 Mayıs 2021,14 Mayıs 2021,2021-05-14
Kars,144.25,08- 14 Mayıs 2021,14 Mayıs 2021,2021-05-14
Kastamonu,145.86,08- 14 Mayıs 2021,14 Mayıs 2021,2021-05-14
Kayseri,127.26,08- 14 Mayıs 2021,14 Mayıs 2021,2021-05-14
Kırıkkale,137.06,08- 14 Mayıs 2021,14 Mayıs 2021,2021-05-14
Kırklareli,153.43,08- 14 Mayıs 2021,14 Mayıs 2021,2021-05-14
Kırşehir,114.79,08- 14 Mayıs 2021,14 Mayıs 2021,2021-05-14
Kilis,73.53,08- 14 Mayıs 2021,14 Mayıs 2021,2021-05-14
Kocaeli,154.46,08- 14 Mayıs 2021,14 Mayıs 2021,2021-05-14
Konya,121.87,08- 14 Mayıs 2021,14 Mayıs 2021,2021-05-14
Kütahya,152.08,08- 14 Mayıs 2021,14 Mayıs 2021,2021-05-14
Malatya,104.45,08- 14 Mayıs 2021,14 Mayıs 2021,2021-05-14
Manisa,74.86,08- 14 Mayıs 2021,14 Mayıs 2021,2021-05-14
Mardin,46.21,08- 14 Mayıs 2021,14 Mayıs 2021,2021-05-14
Mersin,47.04,08- 14 Mayıs 2021,14 Mayıs 2021,2021-05-14
Muğla,72.54,08- 14 Mayıs 2021,14 Mayıs 2021,2021-05-14
Muş,48.16,08- 14 Mayıs 2021,14 Mayıs 2021,2021-05-14
Nevşehir,123.29,08- 14 Mayıs 2021,14 Mayıs 2021,2021-05-14
Niğde,118.76,08- 14 Mayıs 2021,14 Mayıs 2021,2021-05-14
Ordu,149.72,08- 14 Mayıs 2021,14 Mayıs 2021,2021-05-14
Osmaniye,35.91,08- 14 Mayıs 2021,14 Mayıs 2021,2021-05-14
Rize,167.27,08- 14 Mayıs 2021,14 Mayıs 2021,2021-05-14
Sakarya,108.95,08- 14 Mayıs 2021,14 Mayıs 2021,2021-05-14
Samsun,95.57,08- 14 Mayıs 2021,14 Mayıs 2021,2021-05-14
Siirt,48.93,08- 14 Mayıs 2021,14 Mayıs 2021,2021-05-14
Sinop,97.02,08- 14 Mayıs 2021,14 Mayıs 2021,2021-05-14
Sivas,137.6,08- 14 Mayıs 2021,14 Mayıs 2021,2021-05-14
Şanlıurfa,49.36,08- 14 Mayıs 2021,14 Mayıs 2021,2021-05-14
Şırnak,26.96,08- 14 Mayıs 2021,14 Mayıs 2021,2021-05-14
Tekirdağ,132.83,08- 14 Mayıs 2021,14 Mayıs 2021,2021-05-14
Tokat,139.5,08- 14 Mayıs 2021,14 Mayıs 2021,2021-05-14
Trabzon,125.14,08- 14 Mayıs 2021,14 Mayıs 2021,2021-05-14
Tunceli,124.64,08- 14 Mayıs 2021,14 Mayıs 2021,2021-05-14
Uşak,90.95,08- 14 Mayıs 2021,14 Mayıs 2021,2021-05-14
Van,49.16,08- 14 Mayıs 2021,14 Mayıs 2021,2021-05-14
Yalova,78.61,08- 14 Mayıs 2021,14 Mayıs 2021,2021-05-14
Yozgat,123.36,08- 14 Mayıs 2021,14 Mayıs 2021,2021-05-14
Zonguldak,147.66,08- 14 Mayıs 2021,14 Mayıs 2021,2021-05-14
Adana,18.9,15 - 21 Mayıs 2021,21 Mayıs 2021,2021-05-21
Adıyaman,40.32,15 - 21 Mayıs 2021,21 Mayıs 2021,2021-05-21
Afyon,82.64,15 - 21 Mayıs 2021,21 Mayıs 2021,2021-05-21
Ağrı,122.52,15 - 21 Mayıs 2021,21 Mayıs 2021,2021-05-21
Aksaray,58.86,15 - 21 Mayıs 2021,21 Mayıs 2021,2021-05-21
Amasya,79.29,15 - 21 Mayıs 2021,21 Mayıs 2021,2021-05-21
Ankara,123.02,15 - 21 Mayıs 2021,21 Mayıs 2021,2021-05-21
Antalya,47.01,15 - 21 Mayıs 2021,21 Mayıs 2021,2021-05-21
Ardahan,110.23,15 - 21 Mayıs 2021,21 Mayıs 2021,2021-05-21
Artvin,74.93,15 - 21 Mayıs 2021,21 Mayıs 2021,2021-05-21
Aydın,31.1,15 - 21 Mayıs 2021,21 Mayıs 2021,2021-05-21
Balıkesir,86.35,15 - 21 Mayıs 2021,21 Mayıs 2021,2021-05-21
Bartın,83.43,15 - 21 Mayıs 2021,21 Mayıs 2021,2021-05-21
Batman,64.16,15 - 21 Mayıs 2021,21 Mayıs 2021,2021-05-21
Bayburt,65.93,15 - 21 Mayıs 2021,21 Mayıs 2021,2021-05-21
Bilecik,123.45,15 - 21 Mayıs 2021,21 Mayıs 2021,2021-05-21
Bingöl,65.66,15 - 21 Mayıs 2021,21 Mayıs 2021,2021-05-21
Bitlis,96.58,15 - 21 Mayıs 2021,21 Mayıs 2021,2021-05-21
Bolu,139.14,15 - 21 Mayıs 2021,21 Mayıs 2021,2021-05-21
Burdur,96.97,15 - 21 Mayıs 2021,21 Mayıs 2021,2021-05-21
Bursa,80.28,15 - 21 Mayıs 2021,21 Mayıs 2021,2021-05-21
Çanakkale,72.75,15 - 21 Mayıs 2021,21 Mayıs 2021,2021-05-21
Çankırı,97.18,15 - 21 Mayıs 2021,21 Mayıs 2021,2021-05-21
Çorum,99.03,15 - 21 Mayıs 2021,21 Mayıs 2021,2021-05-21
Denizli,73.2,15 - 21 Mayıs 2021,21 Mayıs 2021,2021-05-21
Diyarbakır,62.74,15 - 21 Mayıs 2021,21 Mayıs 2021,2021-05-21
Düzce,118.02,15 - 21 Mayıs 2021,21 Mayıs 2021,2021-05-21
Edirne,62.54,15 - 21 Mayıs 2021,21 Mayıs 2021,2021-05-21
Elazığ,61.91,15 - 21 Mayıs 2021,21 Mayıs 2021,2021-05-21
Erzincan,92.56,15 - 21 Mayıs 2021,21 Mayıs 2021,2021-05-21
Erzurum,151.4,15 - 21 Mayıs 2021,21 Mayıs 2021,2021-05-21
Eskişehir,120.72,15 - 21 Mayıs 2021,21 Mayıs 2021,2021-05-21
Gaziantep,67.06,15 - 21 Mayıs 2021,21 Mayıs 2021,2021-05-21
Giresun,84.69,15 - 21 Mayıs 2021,21 Mayıs 2021,2021-05-21
Gümüşhane,163.72,15 - 21 Mayıs 2021,21 Mayıs 2021,2021-05-21
Hakkari,56.68,15 - 21 Mayıs 2021,21 Mayıs 2021,2021-05-21
Hatay,16.69,15 - 21 Mayıs 2021,21 Mayıs 2021,2021-05-21
Iğdır,50.67,15 - 21 Mayıs 2021,21 Mayıs 2021,2021-05-21
Isparta,105.38,15 - 21 Mayıs 2021,21 Mayıs 2021,2021-05-21
İstanbul,123.88,15 - 21 Mayıs 2021,21 Mayıs 2021,2021-05-21
İzmir,72.75,15 - 21 Mayıs 2021,21 Mayıs 2021,2021-05-21
Kahramanmaraş,35.95,15 - 21 Mayıs 2021,21 Mayıs 2021,2021-05-21
Karabük,73.48,15 - 21 Mayıs 2021,21 Mayıs 2021,2021-05-21
Karaman,72.57,15 - 21 Mayıs 2021,21 Mayıs 2021,2021-05-21
Kars,134.77,15 - 21 Mayıs 2021,21 Mayıs 2021,2021-05-21
Kastamonu,99.1,15 - 21 Mayıs 2021,21 Mayıs 2021,2021-05-21
Kayseri,118.82,15 - 21 Mayıs 2021,21 Mayıs 2021,2021-05-21
Kırıkkale,94.37,15 - 21 Mayıs 2021,21 Mayıs 2021,2021-05-21
Kırklareli,108.64,15 - 21 Mayıs 2021,21 Mayıs 2021,2021-05-21
Kırşehir,84.76,15 - 21 Mayıs 2021,21 Mayıs 2021,2021-05-21
Kilis,50.42,15 - 21 Mayıs 2021,21 Mayıs 2021,2021-05-21
Kocaeli,130.73,15 - 21 Mayıs 2021,21 Mayıs 2021,2021-05-21
Konya,94.31,15 - 21 Mayıs 2021,21 Mayıs 2021,2021-05-21
Kütahya,134.91,15 - 21 Mayıs 2021,21 Mayıs 2021,2021-05-21
Malatya,90.06,15 - 21 Mayıs 2021,21 Mayıs 2021,2021-05-21
Manisa,60.59,15 - 21 Mayıs 2021,21 Mayıs 2021,2021-05-21
Mardin,49.84,15 - 21 Mayıs 2021,21 Mayıs 2021,2021-05-21
Mersin,33.55,15 - 21 Mayıs 2021,21 Mayıs 2021,2021-05-21
Muğla,56.26,15 - 21 Mayıs 2021,21 Mayıs 2021,2021-05-21
Muş,41.84,15 - 21 Mayıs 2021,21 Mayıs 2021,2021-05-21
Nevşehir,74.76,15 - 21 Mayıs 2021,21 Mayıs 2021,2021-05-21
Niğde,106.61,15 - 21 Mayıs 2021,21 Mayıs 2021,2021-05-21
Ordu,117.28,15 - 21 Mayıs 2021,21 Mayıs 2021,2021-05-21
Osmaniye,15.68,15 - 21 Mayıs 2021,21 Mayıs 2021,2021-05-21
Rize,119.64,15 - 21 Mayıs 2021,21 Mayıs 2021,2021-05-21
Sakarya,94.28,15 - 21 Mayıs 2021,21 Mayıs 2021,2021-05-21
Samsun,97.19,15 - 21 Mayıs 2021,21 Mayıs 2021,2021-05-21
Siirt,34.13,15 - 21 Mayıs 2021,21 Mayıs 2021,2021-05-21
Sinop,51.28,15 - 21 Mayıs 2021,21 Mayıs 2021,2021-05-21
Sivas,102.38,15 - 21 Mayıs 2021,21 Mayıs 2021,2021-05-21
Şanlıurfa,50.68,15 - 21 Mayıs 2021,21 Mayıs 2021,2021-05-21
Şırnak,35.15,15 - 21 Mayıs 2021,21 Mayıs 2021,2021-05-21
Tekirdağ,90.84,15 - 21 Mayıs 2021,21 Mayıs 2021,2021-05-21
Tokat,112.9,15 - 21 Mayıs 2021,21 Mayıs 2021,2021-05-21
Trabzon,93.73,15 - 21 Mayıs 2021,21 Mayıs 2021,2021-05-21
Tunceli,80.29,15 - 21 Mayıs 2021,21 Mayıs 2021,2021-05-21
Uşak,64.69,15 - 21 Mayıs 2021,21 Mayıs 2021,2021-05-21
Van,50.72,15 - 21 Mayıs 2021,21 Mayıs 2021,2021-05-21
Yalova,48.54,15 - 21 Mayıs 2021,21 Mayıs 2021,2021-05-21
Yozgat,88.29,15 - 21 Mayıs 2021,21 Mayıs 2021,2021-05-21
Zonguldak,129.9,15 - 21 Mayıs 2021,21 Mayıs 2021,2021-05-21
Adana,12.84,22- 28 Mayıs 2021,28 Mayıs 2021,2021-05-28
Adıyaman,25.77,22- 28 Mayıs 2021,28 Mayıs 2021,2021-05-28
Afyon,73.69,22- 28 Mayıs 2021,28 Mayıs 2021,2021-05-28
Ağrı,106.83,22- 28 Mayıs 2021,28 Mayıs 2021,2021-05-28
Aksaray,43.97,22- 28 Mayıs 2021,28 Mayıs 2021,2021-05-28
Amasya,59.02,22- 28 Mayıs 2021,28 Mayıs 2021,2021-05-28
Ankara,115.71,22- 28 Mayıs 2021,28 Mayıs 2021,2021-05-28
Antalya,32.53,22- 28 Mayıs 2021,28 Mayıs 2021,2021-05-28
Ardahan,79.03,22- 28 Mayıs 2021,28 Mayıs 2021,2021-05-28
Artvin,45.43,22- 28 Mayıs 2021,28 Mayıs 2021,2021-05-28
Aydın,21.09,22- 28 Mayıs 2021,28 Mayıs 2021,2021-05-28
Balıkesir,72.89,22- 28 Mayıs 2021,28 Mayıs 2021,2021-05-28
Bartın,64.83,22- 28 Mayıs 2021,28 Mayıs 2021,2021-05-28
Batman,61.91,22- 28 Mayıs 2021,28 Mayıs 2021,2021-05-28
Bayburt,78.13,22- 28 Mayıs 2021,28 Mayıs 2021,2021-05-28
Bilecik,146.76,22- 28 Mayıs 2021,28 Mayıs 2021,2021-05-28
Bingöl,59.62,22- 28 Mayıs 2021,28 Mayıs 2021,2021-05-28
Bitlis,97.15,22- 28 Mayıs 2021,28 Mayıs 2021,2021-05-28
Bolu,112.13,22- 28 Mayıs 2021,28 Mayıs 2021,2021-05-28
Burdur,62.9,22- 28 Mayıs 2021,28 Mayıs 2021,2021-05-28
Bursa,64.86,22- 28 Mayıs 2021,28 Mayıs 2021,2021-05-28
Çanakkale,60.38,22- 28 Mayıs 2021,28 Mayıs 2021,2021-05-28
Çankırı,79.51,22- 28 Mayıs 2021,28 Mayıs 2021,2021-05-28
Çorum,73.38,22- 28 Mayıs 2021,28 Mayıs 2021,2021-05-28
Denizli,70.32,22- 28 Mayıs 2021,28 Mayıs 2021,2021-05-28
Diyarbakır,64.59,22- 28 Mayıs 2021,28 Mayıs 2021,2021-05-28
Düzce,90.48,22- 28 Mayıs 2021,28 Mayıs 2021,2021-05-28
Edirne,29.43,22- 28 Mayıs 2021,28 Mayıs 2021,2021-05-28
Elazığ,45.75,22- 28 Mayıs 2021,28 Mayıs 2021,2021-05-28
Erzincan,83.18,22- 28 Mayıs 2021,28 Mayıs 2021,2021-05-28
Erzurum,106.82,22- 28 Mayıs 2021,28 Mayıs 2021,2021-05-28
Eskişehir,110.48,22- 28 Mayıs 2021,28 Mayıs 2021,2021-05-28
Gaziantep,51.31,22- 28 Mayıs 2021,28 Mayıs 2021,2021-05-28
Giresun,64.41,22- 28 Mayıs 2021,28 Mayıs 2021,2021-05-28
Gümüşhane,162.31,22- 28 Mayıs 2021,28 Mayıs 2021,2021-05-28
Hakkari,74.51,22- 28 Mayıs 2021,28 Mayıs 2021,2021-05-28
Hatay,12.47,22- 28 Mayıs 2021,28 Mayıs 2021,2021-05-28
Iğdır,40.24,22- 28 Mayıs 2021,28 Mayıs 2021,2021-05-28
Isparta,84.71,22- 28 Mayıs 2021,28 Mayıs 2021,2021-05-28
İstanbul,89.97,22- 28 Mayıs 2021,28 Mayıs 2021,2021-05-28
İzmir,47.74,22- 28 Mayıs 2021,28 Mayıs 2021,2021-05-28
Kahramanmaraş,30.99,22- 28 Mayıs 2021,28 Mayıs 2021,2021-05-28
Karabük,59.11,22- 28 Mayıs 2021,28 Mayıs 2021,2021-05-28
Karaman,75.71,22- 28 Mayıs 2021,28 Mayıs 2021,2021-05-28
Kars,118.63,22- 28 Mayıs 2021,28 Mayıs 2021,2021-05-28
Kastamonu,57.12,22- 28 Mayıs 2021,28 Mayıs 2021,2021-05-28
Kayseri,101.87,22- 28 Mayıs 2021,28 Mayıs 2021,2021-05-28
Kırıkkale,67.81,22- 28 Mayıs 2021,28 Mayıs 2021,2021-05-28
Kırklareli,78.51,22- 28 Mayıs 2021,28 Mayıs 2021,2021-05-28
Kırşehir,67.89,22- 28 Mayıs 2021,28 Mayıs 2021,2021-05-28
Kilis,39.22,22- 28 Mayıs 2021,28 Mayıs 2021,2021-05-28
Kocaeli,93.43,22- 28 Mayıs 2021,28 Mayıs 2021,2021-05-28
Konya,78.35,22- 28 Mayıs 2021,28 Mayıs 2021,2021-05-28
Kütahya,112.71,22- 28 Mayıs 2021,28 Mayıs 2021,2021-05-28
Malatya,73.43,22- 28 Mayıs 2021,28 Mayıs 2021,2021-05-28
Manisa,55.08,22- 28 Mayıs 2021,28 Mayıs 2021,2021-05-28
Mardin,46.92,22- 28 Mayıs 2021,28 Mayıs 2021,2021-05-28
Mersin,21.73,22- 28 Mayıs 2021,28 Mayıs 2021,2021-05-28
Muğla,41.47,22- 28 Mayıs 2021,28 Mayıs 2021,2021-05-28
Muş,48.65,22- 28 Mayıs 2021,28 Mayıs 2021,2021-05-28
Nevşehir,56.4,22- 28 Mayıs 2021,28 Mayıs 2021,2021-05-28
Niğde,74.57,22- 28 Mayıs 2021,28 Mayıs 2021,2021-05-28
Ordu,88.78,22- 28 Mayıs 2021,28 Mayıs 2021,2021-05-28
Osmaniye,13.31,22- 28 Mayıs 2021,28 Mayıs 2021,2021-05-28
Rize,83.63,22- 28 Mayıs 2021,28 Mayıs 2021,2021-05-28
Sakarya,69.15,22- 28 Mayıs 2021,28 Mayıs 2021,2021-05-28
Samsun,55.6,22- 28 Mayıs 2021,28 Mayıs 2021,2021-05-28
Siirt,56.79,22- 28 Mayıs 2021,28 Mayıs 2021,2021-05-28
Sinop,39.27,22- 28 Mayıs 2021,28 Mayıs 2021,2021-05-28
Sivas,79.57,22- 28 Mayıs 2021,28 Mayıs 2021,2021-05-28
Şanlıurfa,45.38,22- 28 Mayıs 2021,28 Mayıs 2021,2021-05-28
Şırnak,24.55,22- 28 Mayıs 2021,28 Mayıs 2021,2021-05-28
Tekirdağ,58.92,22- 28 Mayıs 2021,28 Mayıs 2021,2021-05-28
Tokat,101.19,22- 28 Mayıs 2021,28 Mayıs 2021,2021-05-28
Trabzon,72.92,22- 28 Mayıs 2021,28 Mayıs 2021,2021-05-28
Tunceli,35.95,22- 28 Mayıs 2021,28 Mayıs 2021,2021-05-28
Uşak,65.24,22- 28 Mayıs 2021,28 Mayıs 2021,2021-05-28
Van,50.81,22- 28 Mayıs 2021,28 Mayıs 2021,2021-05-28
Yalova,42.38,22- 28 Mayıs 2021,28 Mayıs 2021,2021-05-28
Yozgat,77.55,22- 28 Mayıs 2021,28 Mayıs 2021,2021-05-28
Zonguldak,96.92,22- 28 Mayıs 2021,28 Mayıs 2021,2021-05-28
Adana,10.92,29 Mayıs - 04 Haziran 2021,04 Haziran 2021,2021-06-04
Adıyaman,23.59,29 Mayıs - 04 Haziran 2021,04 Haziran 2021,2021-06-04
Afyon,73.55,29 Mayıs - 04 Haziran 2021,04 Haziran 2021,2021-06-04
Ağrı,85.3,29 Mayıs - 04 Haziran 2021,04 Haziran 2021,2021-06-04
Aksaray,47.27,29 Mayıs - 04 Haziran 2021,04 Haziran 2021,2021-06-04
Amasya,41.45,29 Mayıs - 04 Haziran 2021,04 Haziran 2021,2021-06-04
Ankara,99.5,29 Mayıs - 04 Haziran 2021,04 Haziran 2021,2021-06-04
Antalya,31.9,29 Mayıs - 04 Haziran 2021,04 Haziran 2021,2021-06-04
Ardahan,57.0,29 Mayıs - 04 Haziran 2021,04 Haziran 2021,2021-06-04
Artvin,35.93,29 Mayıs - 04 Haziran 2021,04 Haziran 2021,2021-06-04
Aydın,18.87,29 Mayıs - 04 Haziran 2021,04 Haziran 2021,2021-06-04
Balıkesir,59.25,29 Mayıs - 04 Haziran 2021,04 Haziran 2021,2021-06-04
Bartın,81.11,29 Mayıs - 04 Haziran 2021,04 Haziran 2021,2021-06-04
Batman,52.04,29 Mayıs - 04 Haziran 2021,04 Haziran 2021,2021-06-04
Bayburt,40.89,29 Mayıs - 04 Haziran 2021,04 Haziran 2021,2021-06-04
Bilecik,96.99,29 Mayıs - 04 Haziran 2021,04 Haziran 2021,2021-06-04
Bingöl,34.22,29 Mayıs - 04 Haziran 2021,04 Haziran 2021,2021-06-04
Bitlis,76.05,29 Mayıs - 04 Haziran 2021,04 Haziran 2021,2021-06-04
Bolu,110.55,29 Mayıs - 04 Haziran 2021,04 Haziran 2021,2021-06-04
Burdur,53.2,29 Mayıs - 04 Haziran 2021,04 Haziran 2021,2021-06-04
Bursa,50.85,29 Mayıs - 04 Haziran 2021,04 Haziran 2021,2021-06-04
Çanakkale,43.67,29 Mayıs - 04 Haziran 2021,04 Haziran 2021,2021-06-04
Çankırı,69.1,29 Mayıs - 04 Haziran 2021,04 Haziran 2021,2021-06-04
Çorum,69.88,29 Mayıs - 04 Haziran 2021,04 Haziran 2021,2021-06-04
Denizli,53.83,29 Mayıs - 04 Haziran 2021,04 Haziran 2021,2021-06-04
Diyarbakır,53.33,29 Mayıs - 04 Haziran 2021,04 Haziran 2021,2021-06-04
Düzce,63.36,29 Mayıs - 04 Haziran 2021,04 Haziran 2021,2021-06-04
Edirne,13.69,29 Mayıs - 04 Haziran 2021,04 Haziran 2021,2021-06-04
Elazığ,54.38,29 Mayıs - 04 Haziran 2021,04 Haziran 2021,2021-06-04
Erzincan,74.9,29 Mayıs - 04 Haziran 2021,04 Haziran 2021,2021-06-04
Erzurum,93.16,29 Mayıs - 04 Haziran 2021,04 Haziran 2021,2021-06-04
Eskişehir,88.5,29 Mayıs - 04 Haziran 2021,04 Haziran 2021,2021-06-04
Gaziantep,51.26,29 Mayıs - 04 Haziran 2021,04 Haziran 2021,2021-06-04
Giresun,54.74,29 Mayıs - 04 Haziran 2021,04 Haziran 2021,2021-06-04
Gümüşhane,103.86,29 Mayıs - 04 Haziran 2021,04 Haziran 2021,2021-06-04
Hakkari,47.4,29 Mayıs - 04 Haziran 2021,04 Haziran 2021,2021-06-04
Hatay,7.95,29 Mayıs - 04 Haziran 2021,04 Haziran 2021,2021-06-04
Iğdır,22.18,29 Mayıs - 04 Haziran 2021,04 Haziran 2021,2021-06-04
Isparta,96.98,29 Mayıs - 04 Haziran 2021,04 Haziran 2021,2021-06-04
İstanbul,63.93,29 Mayıs - 04 Haziran 2021,04 Haziran 2021,2021-06-04
İzmir,41.23,29 Mayıs - 04 Haziran 2021,04 Haziran 2021,2021-06-04
Kahramanmaraş,24.94,29 Mayıs - 04 Haziran 2021,04 Haziran 2021,2021-06-04
Karabük,50.0,29 Mayıs - 04 Haziran 2021,04 Haziran 2021,2021-06-04
Karaman,74.93,29 Mayıs - 04 Haziran 2021,04 Haziran 2021,2021-06-04
Kars,105.45,29 Mayıs - 04 Haziran 2021,04 Haziran 2021,2021-06-04
Kastamonu,91.15,29 Mayıs - 04 Haziran 2021,04 Haziran 2021,2021-06-04
Kayseri,92.26,29 Mayıs - 04 Haziran 2021,04 Haziran 2021,2021-06-04
Kırıkkale,72.47,29 Mayıs - 04 Haziran 2021,04 Haziran 2021,2021-06-04
Kırklareli,50.51,29 Mayıs - 04 Haziran 2021,04 Haziran 2021,2021-06-04
Kırşehir,69.33,29 Mayıs - 04 Haziran 2021,04 Haziran 2021,2021-06-04
Kilis,44.78,29 Mayıs - 04 Haziran 2021,04 Haziran 2021,2021-06-04
Kocaeli,63.42,29 Mayıs - 04 Haziran 2021,04 Haziran 2021,2021-06-04
Konya,63.15,29 Mayıs - 04 Haziran 2021,04 Haziran 2021,2021-06-04
Kütahya,101.55,29 Mayıs - 04 Haziran 2021,04 Haziran 2021,2021-06-04
Malatya,77.68,29 Mayıs - 04 Haziran 2021,04 Haziran 2021,2021-06-04
Manisa,45.62,29 Mayıs - 04 Haziran 2021,04 Haziran 2021,2021-06-04
Mardin,38.59,29 Mayıs - 04 Haziran 2021,04 Haziran 2021,2021-06-04
Mersin,16.35,29 Mayıs - 04 Haziran 2021,04 Haziran 2021,2021-06-04
Muğla,39.76,29 Mayıs - 04 Haziran 2021,04 Haziran 2021,2021-06-04
Muş,66.66,29 Mayıs - 04 Haziran 2021,04 Haziran 2021,2021-06-04
Nevşehir,44.93,29 Mayıs - 04 Haziran 2021,04 Haziran 2021,2021-06-04
Niğde,67.56,29 Mayıs - 04 Haziran 2021,04 Haziran 2021,2021-06-04
Ordu,68.39,29 Mayıs - 04 Haziran 2021,04 Haziran 2021,2021-06-04
Osmaniye,9.44,29 Mayıs - 04 Haziran 2021,04 Haziran 2021,2021-06-04
Rize,85.18,29 Mayıs - 04 Haziran 2021,04 Haziran 2021,2021-06-04
Sakarya,59.09,29 Mayıs - 04 Haziran 2021,04 Haziran 2021,2021-06-04
Samsun,49.4,29 Mayıs - 04 Haziran 2021,04 Haziran 2021,2021-06-04
Siirt,50.28,29 Mayıs - 04 Haziran 2021,04 Haziran 2021,2021-06-04
Sinop,38.34,29 Mayıs - 04 Haziran 2021,04 Haziran 2021,2021-06-04
Sivas,84.76,29 Mayıs - 04 Haziran 2021,04 Haziran 2021,2021-06-04
Şanlıurfa,35.75,29 Mayıs - 04 Haziran 2021,04 Haziran 2021,2021-06-04
Şırnak,24.16,29 Mayıs - 04 Haziran 2021,04 Haziran 2021,2021-06-04
Tekirdağ,49.57,29 Mayıs - 04 Haziran 2021,04 Haziran 2021,2021-06-04
Tokat,91.34,29 Mayıs - 04 Haziran 2021,04 Haziran 2021,2021-06-04
Trabzon,51.38,29 Mayıs - 04 Haziran 2021,04 Haziran 2021,2021-06-04
Tunceli,31.63,29 Mayıs - 04 Haziran 2021,04 Haziran 2021,2021-06-04
Uşak,54.95,29 Mayıs - 04 Haziran 2021,04 Haziran 2021,2021-06-04
Van,52.81,29 Mayıs - 04 Haziran 2021,04 Haziran 2021,2021-06-04
Yalova,37.5,29 Mayıs - 04 Haziran 2021,04 Haziran 2021,2021-06-04
Yozgat,80.65,29 Mayıs - 04 Haziran 2021,04 Haziran 2021,2021-06-04
Zonguldak,83.61,29 Mayıs - 04 Haziran 2021,04 Haziran 2021,2021-06-04
Adana,7.7,05- 11 Haziran 2021,11 Haziran 2021,2021-06-11
Adıyaman,18.34,05- 11 Haziran 2021,11 Haziran 2021,2021-06-11
Afyon,55.37,05- 11 Haziran 2021,11 Haziran 2021,2021-06-11
Ağrı,80.12,05- 11 Haziran 2021,11 Haziran 2021,2021-06-11
Aksaray,34.99,05- 11 Haziran 2021,11 Haziran 2021,2021-06-11
Amasya,30.7,05- 11 Haziran 2021,11 Haziran 2021,2021-06-11
Ankara,94.87,05- 11 Haziran 2021,11 Haziran 2021,2021-06-11
Antalya,28.49,05- 11 Haziran 2021,11 Haziran 2021,2021-06-11
Ardahan,45.76,05- 11 Haziran 2021,11 Haziran 2021,2021-06-11
Artvin,44.84,05- 11 Haziran 2021,11 Haziran 2021,2021-06-11
Aydın,16.53,05- 11 Haziran 2021,11 Haziran 2021,2021-06-11
Balıkesir,51.92,05- 11 Haziran 2021,11 Haziran 2021,2021-06-11
Bartın,64.33,05- 11 Haziran 2021,11 Haziran 2021,2021-06-11
Batman,41.59,05- 11 Haziran 2021,11 Haziran 2021,2021-06-11
Bayburt,58.6,05- 11 Haziran 2021,11 Haziran 2021,2021-06-11
Bilecik,66.3,05- 11 Haziran 2021,11 Haziran 2021,2021-06-11
Bingöl,30.52,05- 11 Haziran 2021,11 Haziran 2021,2021-06-11
Bitlis,76.64,05- 11 Haziran 2021,11 Haziran 2021,2021-06-11
Bolu,107.05,05- 11 Haziran 2021,11 Haziran 2021,2021-06-11
Burdur,37.07,05- 11 Haziran 2021,11 Haziran 2021,2021-06-11
Bursa,49.29,05- 11 Haziran 2021,11 Haziran 2021,2021-06-11
Çanakkale,39.7,05- 11 Haziran 2021,11 Haziran 2021,2021-06-11
Çankırı,66.0,05- 11 Haziran 2021,11 Haziran 2021,2021-06-11
Çorum,80.36,05- 11 Haziran 2021,11 Haziran 2021,2021-06-11
Denizli,49.48,05- 11 Haziran 2021,11 Haziran 2021,2021-06-11
Diyarbakır,52.88,05- 11 Haziran 2021,11 Haziran 2021,2021-06-11
Düzce,74.3,05- 11 Haziran 2021,11 Haziran 2021,2021-06-11
Edirne,16.43,05- 11 Haziran 2021,11 Haziran 2021,2021-06-11
Elazığ,52.55,05- 11 Haziran 2021,11 Haziran 2021,2021-06-11
Erzincan,88.3,05- 11 Haziran 2021,11 Haziran 2021,2021-06-11
Erzurum,95.08,05- 11 Haziran 2021,11 Haziran 2021,2021-06-11
Eskişehir,99.79,05- 11 Haziran 2021,11 Haziran 2021,2021-06-11
Gaziantep,37.84,05- 11 Haziran 2021,11 Haziran 2021,2021-06-11
Giresun,52.15,05- 11 Haziran 2021,11 Haziran 2021,2021-06-11
Gümüşhane,98.8,05- 11 Haziran 2021,11 Haziran 2021,2021-06-11
Hakkari,39.57,05- 11 Haziran 2021,11 Haziran 2021,2021-06-11
Hatay,5.97,05- 11 Haziran 2021,11 Haziran 2021,2021-06-11
Iğdır,16.89,05- 11 Haziran 2021,11 Haziran 2021,2021-06-11
Isparta,76.54,05- 11 Haziran 2021,11 Haziran 2021,2021-06-11
İstanbul,55.2,05- 11 Haziran 2021,11 Haziran 2021,2021-06-11
İzmir,32.04,05- 11 Haziran 2021,11 Haziran 2021,2021-06-11
Kahramanmaraş,19.35,05- 11 Haziran 2021,11 Haziran 2021,2021-06-11
Karabük,41.05,05- 11 Haziran 2021,11 Haziran 2021,2021-06-11
Karaman,49.43,05- 11 Haziran 2021,11 Haziran 2021,2021-06-11
Kars,129.51,05- 11 Haziran 2021,11 Haziran 2021,2021-06-11
Kastamonu,70.41,05- 11 Haziran 2021,11 Haziran 2021,2021-06-11
Kayseri,86.46,05- 11 Haziran 2021,11 Haziran 2021,2021-06-11
Kırıkkale,54.9,05- 11 Haziran 2021,11 Haziran 2021,2021-06-11
Kırklareli,58.05,05- 11 Haziran 2021,11 Haziran 2021,2021-06-11
Kırşehir,56.78,05- 11 Haziran 2021,11 Haziran 2021,2021-06-11
Kilis,28.71,05- 11 Haziran 2021,11 Haziran 2021,2021-06-11
Kocaeli,62.49,05- 11 Haziran 2021,11 Haziran 2021,2021-06-11
Konya,49.29,05- 11 Haziran 2021,11 Haziran 2021,2021-06-11
Kütahya,88.26,05- 11 Haziran 2021,11 Haziran 2021,2021-06-11
Malatya,55.82,05- 11 Haziran 2021,11 Haziran 2021,2021-06-11
Manisa,34.95,05- 11 Haziran 2021,11 Haziran 2021,2021-06-11
Mardin,37.79,05- 11 Haziran 2021,11 Haziran 2021,2021-06-11
Mersin,16.48,05- 11 Haziran 2021,11 Haziran 2021,2021-06-11
Muğla,33.37,05- 11 Haziran 2021,11 Haziran 2021,2021-06-11
Muş,52.54,05- 11 Haziran 2021,11 Haziran 2021,2021-06-11
Nevşehir,39.68,05- 11 Haziran 2021,11 Haziran 2021,2021-06-11
Niğde,61.31,05- 11 Haziran 2021,11 Haziran 2021,2021-06-11
Ordu,59.76,05- 11 Haziran 2021,11 Haziran 2021,2021-06-11
Osmaniye,7.66,05- 11 Haziran 2021,11 Haziran 2021,2021-06-11
Rize,80.15,05- 11 Haziran 2021,11 Haziran 2021,2021-06-11
Sakarya,62.15,05- 11 Haziran 2021,11 Haziran 2021,2021-06-11
Samsun,46.6,05- 11 Haziran 2021,11 Haziran 2021,2021-06-11
Siirt,44.4,05- 11 Haziran 2021,11 Haziran 2021,2021-06-11
Sinop,32.8,05- 11 Haziran 2021,11 Haziran 2021,2021-06-11
Sivas,88.85,05- 11 Haziran 2021,11 Haziran 2021,2021-06-11
Şanlıurfa,33.14,05- 11 Haziran 2021,11 Haziran 2021,2021-06-11
Şırnak,21.57,05- 11 Haziran 2021,11 Haziran 2021,2021-06-11
Tekirdağ,49.86,05- 11 Haziran 2021,11 Haziran 2021,2021-06-11
Tokat,97.51,05- 11 Haziran 2021,11 Haziran 2021,2021-06-11
Trabzon,65.65,05- 11 Haziran 2021,11 Haziran 2021,2021-06-11
Tunceli,22.77,05- 11 Haziran 2021,11 Haziran 2021,2021-06-11
Uşak,42.23,05- 11 Haziran 2021,11 Haziran 2021,2021-06-11
Van,37.85,05- 11 Haziran 2021,11 Haziran 2021,2021-06-11
Yalova,33.69,05- 11 Haziran 2021,11 Haziran 2021,2021-06-11
Yozgat,66.33,05- 11 Haziran 2021,11 Haziran 2021,2021-06-11
Zonguldak,74.76,05- 11 Haziran 2021,11 Haziran 2021,2021-06-11
Adana,9.25,12 - 18 Haziran 2021,18 Haziran 2021,2021-06-18
Adıyaman,11.07,12 - 18 Haziran 2021,18 Haziran 2021,2021-06-18
Afyon,53.6,12 - 18 Haziran 2021,18 Haziran 2021,2021-06-18
Ağrı,103.47,12 - 18 Haziran 2021,18 Haziran 2021,2021-06-18
Aksaray,36.64,12 - 18 Haziran 2021,18 Haziran 2021,2021-06-18
Amasya,28.61,12 - 18 Haziran 2021,18 Haziran 2021,2021-06-18
Ankara,93.11,12 - 18 Haziran 2021,18 Haziran 2021,2021-06-18
Antalya,27.08,12 - 18 Haziran 2021,18 Haziran 2021,2021-06-18
Ardahan,65.52,12 - 18 Haziran 2021,18 Haziran 2021,2021-06-18
Artvin,57.82,12 - 18 Haziran 2021,18 Haziran 2021,2021-06-18
Aydın,16.71,12 - 18 Haziran 2021,18 Haziran 2021,2021-06-18
Balıkesir,27.49,12 - 18 Haziran 2021,18 Haziran 2021,2021-06-18
Bartın,29.65,12 - 18 Haziran 2021,18 Haziran 2021,2021-06-18
Batman,39.5,12 - 18 Haziran 2021,18 Haziran 2021,2021-06-18
Bayburt,53.72,12 - 18 Haziran 2021,18 Haziran 2021,2021-06-18
Bilecik,52.12,12 - 18 Haziran 2021,18 Haziran 2021,2021-06-18
Bingöl,35.85,12 - 18 Haziran 2021,18 Haziran 2021,2021-06-18
Bitlis,83.76,12 - 18 Haziran 2021,18 Haziran 2021,2021-06-18
Bolu,109.91,12 - 18 Haziran 2021,18 Haziran 2021,2021-06-18
Burdur,35.19,12 - 18 Haziran 2021,18 Haziran 2021,2021-06-18
Bursa,43.55,12 - 18 Haziran 2021,18 Haziran 2021,2021-06-18
Çanakkale,40.07,12 - 18 Haziran 2021,18 Haziran 2021,2021-06-18
Çankırı,45.21,12 - 18 Haziran 2021,18 Haziran 2021,2021-06-18
Çorum,69.61,12 - 18 Haziran 2021,18 Haziran 2021,2021-06-18
Denizli,50.53,12 - 18 Haziran 2021,18 Haziran 2021,2021-06-18
Diyarbakır,57.47,12 - 18 Haziran 2021,18 Haziran 2021,2021-06-18
Düzce,58.63,12 - 18 Haziran 2021,18 Haziran 2021,2021-06-18
Edirne,12.51,12 - 18 Haziran 2021,18 Haziran 2021,2021-06-18
Elazığ,50.0,12 - 18 Haziran 2021,18 Haziran 2021,2021-06-18
Erzincan,69.53,12 - 18 Haziran 2021,18 Haziran 2021,2021-06-18
Erzurum,84.67,12 - 18 Haziran 2021,18 Haziran 2021,2021-06-18
Eskişehir,107.89,12 - 18 Haziran 2021,18 Haziran 2021,2021-06-18
Gaziantep,33.74,12 - 18 Haziran 2021,18 Haziran 2021,2021-06-18
Giresun,39.0,12 - 18 Haziran 2021,18 Haziran 2021,2021-06-18
Gümüşhane,57.87,12 - 18 Haziran 2021,18 Haziran 2021,2021-06-18
Hakkari,68.8,12 - 18 Haziran 2021,18 Haziran 2021,2021-06-18
Hatay,6.33,12 - 18 Haziran 2021,18 Haziran 2021,2021-06-18
Iğdır,16.39,12 - 18 Haziran 2021,18 Haziran 2021,2021-06-18
Isparta,65.18,12 - 18 Haziran 2021,18 Haziran 2021,2021-06-18
İstanbul,51.27,12 - 18 Haziran 2021,18 Haziran 2021,2021-06-18
İzmir,25.99,12 - 18 Haziran 2021,18 Haziran 2021,2021-06-18
Kahramanmaraş,17.29,12 - 18 Haziran 2021,18 Haziran 2021,2021-06-18
Karabük,36.94,12 - 18 Haziran 2021,18 Haziran 2021,2021-06-18
Karaman,37.66,12 - 18 Haziran 2021,18 Haziran 2021,2021-06-18
Kars,82.48,12 - 18 Haziran 2021,18 Haziran 2021,2021-06-18
Kastamonu,79.18,12 - 18 Haziran 2021,18 Haziran 2021,2021-06-18
Kayseri,68.52,12 - 18 Haziran 2021,18 Haziran 2021,2021-06-18
Kırıkkale,63.51,12 - 18 Haziran 2021,18 Haziran 2021,2021-06-18
Kırklareli,34.56,12 - 18 Haziran 2021,18 Haziran 2021,2021-06-18
Kırşehir,81.47,12 - 18 Haziran 2021,18 Haziran 2021,2021-06-18
Kilis,26.61,12 - 18 Haziran 2021,18 Haziran 2021,2021-06-18
Kocaeli,54.42,12 - 18 Haziran 2021,18 Haziran 2021,2021-06-18
Konya,45.82,12 - 18 Haziran 2021,18 Haziran 2021,2021-06-18
Kütahya,116.18,12 - 18 Haziran 2021,18 Haziran 2021,2021-06-18
Malatya,50.36,12 - 18 Haziran 2021,18 Haziran 2021,2021-06-18
Manisa,31.57,12 - 18 Haziran 2021,18 Haziran 2021,2021-06-18
Mardin,43.99,12 - 18 Haziran 2021,18 Haziran 2021,2021-06-18
Mersin,20.23,12 - 18 Haziran 2021,18 Haziran 2021,2021-06-18
Muğla,26.38,12 - 18 Haziran 2021,18 Haziran 2021,2021-06-18
Muş,63.73,12 - 18 Haziran 2021,18 Haziran 2021,2021-06-18
Nevşehir,39.68,12 - 18 Haziran 2021,18 Haziran 2021,2021-06-18
Niğde,48.89,12 - 18 Haziran 2021,18 Haziran 2021,2021-06-18
Ordu,55.69,12 - 18 Haziran 2021,18 Haziran 2021,2021-06-18
Osmaniye,6.2,12 - 18 Haziran 2021,18 Haziran 2021,2021-06-18
Rize,96.99,12 - 18 Haziran 2021,18 Haziran 2021,2021-06-18
Sakarya,59.18,12 - 18 Haziran 2021,18 Haziran 2021,2021-06-18
Samsun,30.97,12 - 18 Haziran 2021,18 Haziran 2021,2021-06-18
Siirt,43.8,12 - 18 Haziran 2021,18 Haziran 2021,2021-06-18
Sinop,14.78,12 - 18 Haziran 2021,18 Haziran 2021,2021-06-18
Sivas,84.61,12 - 18 Haziran 2021,18 Haziran 2021,2021-06-18
Şanlıurfa,25.39,12 - 18 Haziran 2021,18 Haziran 2021,2021-06-18
Şırnak,23.8,12 - 18 Haziran 2021,18 Haziran 2021,2021-06-18
Tekirdağ,40.61,12 - 18 Haziran 2021,18 Haziran 2021,2021-06-18
Tokat,79.12,12 - 18 Haziran 2021,18 Haziran 2021,2021-06-18
Trabzon,60.35,12 - 18 Haziran 2021,18 Haziran 2021,2021-06-18
Tunceli,22.77,12 - 18 Haziran 2021,18 Haziran 2021,2021-06-18
Uşak,36.81,12 - 18 Haziran 2021,18 Haziran 2021,2021-06-18
Van,51.94,12 - 18 Haziran 2021,18 Haziran 2021,2021-06-18
Yalova,46.01,12 - 18 Haziran 2021,18 Haziran 2021,2021-06-18
Yozgat,68.0,12 - 18 Haziran 2021,18 Haziran 2021,2021-06-18
Zonguldak,69.35,12 - 18 Haziran 2021,18 Haziran 2021,2021-06-18
Adana,9.61,19- 25 Haziran 2021,25 Haziran 2021,2021-06-25
Adıyaman,6.96,19- 25 Haziran 2021,25 Haziran 2021,2021-06-25
Afyon,41.52,19- 25 Haziran 2021,25 Haziran 2021,2021-06-25
Ağrı,136.52,19- 25 Haziran 2021,25 Haziran 2021,2021-06-25
Aksaray,30.73,19- 25 Haziran 2021,25 Haziran 2021,2021-06-25
Amasya,28.61,19- 25 Haziran 2021,25 Haziran 2021,2021-06-25
Ankara,83.64,19- 25 Haziran 2021,25 Haziran 2021,2021-06-25
Antalya,32.96,19- 25 Haziran 2021,25 Haziran 2021,2021-06-25
Ardahan,72.79,19- 25 Haziran 2021,25 Haziran 2021,2021-06-25
Artvin,59.0,19- 25 Haziran 2021,25 Haziran 2021,2021-06-25
Aydın,14.57,19- 25 Haziran 2021,25 Haziran 2021,2021-06-25
Balıkesir,34.91,19- 25 Haziran 2021,25 Haziran 2021,2021-06-25
Bartın,44.23,19- 25 Haziran 2021,25 Haziran 2021,2021-06-25
Batman,37.08,19- 25 Haziran 2021,25 Haziran 2021,2021-06-25
Bayburt,43.95,19- 25 Haziran 2021,25 Haziran 2021,2021-06-25
Bilecik,46.64,19- 25 Haziran 2021,25 Haziran 2021,2021-06-25
Bingöl,35.14,19- 25 Haziran 2021,25 Haziran 2021,2021-06-25
Bitlis,96.58,19- 25 Haziran 2021,25 Haziran 2021,2021-06-25
Bolu,74.65,19- 25 Haziran 2021,25 Haziran 2021,2021-06-25
Burdur,46.05,19- 25 Haziran 2021,25 Haziran 2021,2021-06-25
Bursa,43.14,19- 25 Haziran 2021,25 Haziran 2021,2021-06-25
Çanakkale,26.41,19- 25 Haziran 2021,25 Haziran 2021,2021-06-25
Çankırı,45.21,19- 25 Haziran 2021,25 Haziran 2021,2021-06-25
Çorum,68.85,19- 25 Haziran 2021,25 Haziran 2021,2021-06-25
Denizli,51.01,19- 25 Haziran 2021,25 Haziran 2021,2021-06-25
Diyarbakır,55.34,19- 25 Haziran 2021,25 Haziran 2021,2021-06-25
Düzce,57.12,19- 25 Haziran 2021,25 Haziran 2021,2021-06-25
Edirne,11.28,19- 25 Haziran 2021,25 Haziran 2021,2021-06-25
Elazığ,43.2,19- 25 Haziran 2021,25 Haziran 2021,2021-06-25
Erzincan,52.89,19- 25 Haziran 2021,25 Haziran 2021,2021-06-25
Erzurum,95.22,19- 25 Haziran 2021,25 Haziran 2021,2021-06-25
Eskişehir,112.85,19- 25 Haziran 2021,25 Haziran 2021,2021-06-25
Gaziantep,25.08,19- 25 Haziran 2021,25 Haziran 2021,2021-06-25
Giresun,31.87,19- 25 Haziran 2021,25 Haziran 2021,2021-06-25
Gümüşhane,67.04,19- 25 Haziran 2021,25 Haziran 2021,2021-06-25
Hakkari,54.9,19- 25 Haziran 2021,25 Haziran 2021,2021-06-25
Hatay,6.99,19- 25 Haziran 2021,25 Haziran 2021,2021-06-25
Iğdır,17.39,19- 25 Haziran 2021,25 Haziran 2021,2021-06-25
Isparta,69.04,19- 25 Haziran 2021,25 Haziran 2021,2021-06-25
İstanbul,54.3,19- 25 Haziran 2021,25 Haziran 2021,2021-06-25
İzmir,27.4,19- 25 Haziran 2021,25 Haziran 2021,2021-06-25
Kahramanmaraş,14.55,19- 25 Haziran 2021,25 Haziran 2021,2021-06-25
Karabük,33.66,19- 25 Haziran 2021,25 Haziran 2021,2021-06-25
Karaman,26.68,19- 25 Haziran 2021,25 Haziran 2021,2021-06-25
Kars,67.39,19- 25 Haziran 2021,25 Haziran 2021,2021-06-25
Kastamonu,47.82,19- 25 Haziran 2021,25 Haziran 2021,2021-06-25
Kayseri,74.5,19- 25 Haziran 2021,25 Haziran 2021,2021-06-25
Kırıkkale,89.7,19- 25 Haziran 2021,25 Haziran 2021,2021-06-25
Kırklareli,31.79,19- 25 Haziran 2021,25 Haziran 2021,2021-06-25
Kırşehir,65.83,19- 25 Haziran 2021,25 Haziran 2021,2021-06-25
Kilis,14.01,19- 25 Haziran 2021,25 Haziran 2021,2021-06-25
Kocaeli,51.97,19- 25 Haziran 2021,25 Haziran 2021,2021-06-25
Konya,46.44,19- 25 Haziran 2021,25 Haziran 2021,2021-06-25
Kütahya,102.48,19- 25 Haziran 2021,25 Haziran 2021,2021-06-25
Malatya,43.29,19- 25 Haziran 2021,25 Haziran 2021,2021-06-25
Manisa,30.75,19- 25 Haziran 2021,25 Haziran 2021,2021-06-25
Mardin,48.55,19- 25 Haziran 2021,25 Haziran 2021,2021-06-25
Mersin,18.3,19- 25 Haziran 2021,25 Haziran 2021,2021-06-25
Muğla,21.48,19- 25 Haziran 2021,25 Haziran 2021,2021-06-25
Muş,37.46,19- 25 Haziran 2021,25 Haziran 2021,2021-06-25
Nevşehir,40.66,19- 25 Haziran 2021,25 Haziran 2021,2021-06-25
Niğde,41.15,19- 25 Haziran 2021,25 Haziran 2021,2021-06-25
Ordu,42.95,19- 25 Haziran 2021,25 Haziran 2021,2021-06-25
Osmaniye,4.92,19- 25 Haziran 2021,25 Haziran 2021,2021-06-25
Rize,95.54,19- 25 Haziran 2021,25 Haziran 2021,2021-06-25
Sakarya,63.78,19- 25 Haziran 2021,25 Haziran 2021,2021-06-25
Samsun,34.36,19- 25 Haziran 2021,25 Haziran 2021,2021-06-25
Siirt,50.44,19- 25 Haziran 2021,25 Haziran 2021,2021-06-25
Sinop,20.33,19- 25 Haziran 2021,25 Haziran 2021,2021-06-25
Sivas,78.32,19- 25 Haziran 2021,25 Haziran 2021,2021-06-25
Şanlıurfa,25.53,19- 25 Haziran 2021,25 Haziran 2021,2021-06-25
Şırnak,26.78,19- 25 Haziran 2021,25 Haziran 2021,2021-06-25
Tekirdağ,37.74,19- 25 Haziran 2021,25 Haziran 2021,2021-06-25
Tokat,56.87,19- 25 Haziran 2021,25 Haziran 2021,2021-06-25
Trabzon,54.44,19- 25 Haziran 2021,25 Haziran 2021,2021-06-25
Tunceli,22.77,19- 25 Haziran 2021,25 Haziran 2021,2021-06-25
Uşak,32.21,19- 25 Haziran 2021,25 Haziran 2021,2021-06-25
Van,65.25,19- 25 Haziran 2021,25 Haziran 2021,2021-06-25
Yalova,52.89,19- 25 Haziran 2021,25 Haziran 2021,2021-06-25
Yozgat,42.23,19- 25 Haziran 2021,25 Haziran 2021,2021-06-25
Zonguldak,55.99,19- 25 Haziran 2021,25 Haziran 2021,2021-06-25
Adana,9.43,3 - 9 Temmuz 2021,9 Temmuz 2021,2021-07-09
Adıyaman,11.54,3 - 9 Temmuz 2021,9 Temmuz 2021,2021-07-09
Afyon,31.89,3 - 9 Temmuz 2021,9 Temmuz 2021,2021-07-09
Ağrı,193.86,3 - 9 Temmuz 2021,9 Temmuz 2021,2021-07-09
Aksaray,29.08,3 - 9 Temmuz 2021,9 Temmuz 2021,2021-07-09
Amasya,27.42,3 - 9 Temmuz 2021,9 Temmuz 2021,2021-07-09
Ankara,59.1,3 - 9 Temmuz 2021,9 Temmuz 2021,2021-07-09
Antalya,65.02,3 - 9 Temmuz 2021,9 Temmuz 2021,2021-07-09
Ardahan,80.07,3 - 9 Temmuz 2021,9 Temmuz 2021,2021-07-09
Artvin,30.68,3 - 9 Temmuz 2021,9 Temmuz 2021,2021-07-09
Aydın,11.97,3 - 9 Temmuz 2021,9 Temmuz 2021,2021-07-09
Balıkesir,16.77,3 - 9 Temmuz 2021,9 Temmuz 2021,2021-07-09
Bartın,15.08,3 - 9 Temmuz 2021,9 Temmuz 2021,2021-07-09
Batman,49.82,3 - 9 Temmuz 2021,9 Temmuz 2021,2021-07-09
Bayburt,19.53,3 - 9 Temmuz 2021,9 Temmuz 2021,2021-07-09
Bilecik,30.63,3 - 9 Temmuz 2021,9 Temmuz 2021,2021-07-09
Bingöl,45.78,3 - 9 Temmuz 2021,9 Temmuz 2021,2021-07-09
Bitlis,119.09,3 - 9 Temmuz 2021,9 Temmuz 2021,2021-07-09
Bolu,50.51,3 - 9 Temmuz 2021,9 Temmuz 2021,2021-07-09
Burdur,32.95,3 - 9 Temmuz 2021,9 Temmuz 2021,2021-07-09
Bursa,27.95,3 - 9 Temmuz 2021,9 Temmuz 2021,2021-07-09
Çanakkale,17.73,3 - 9 Temmuz 2021,9 Temmuz 2021,2021-07-09
Çankırı,22.35,3 - 9 Temmuz 2021,9 Temmuz 2021,2021-07-09
Çorum,37.73,3 - 9 Temmuz 2021,9 Temmuz 2021,2021-07-09
Denizli,21.71,3 - 9 Temmuz 2021,9 Temmuz 2021,2021-07-09
Diyarbakır,76.82,3 - 9 Temmuz 2021,9 Temmuz 2021,2021-07-09
Düzce,33.36,3 - 9 Temmuz 2021,9 Temmuz 2021,2021-07-09
Edirne,11.04,3 - 9 Temmuz 2021,9 Temmuz 2021,2021-07-09
Elazığ,38.44,3 - 9 Temmuz 2021,9 Temmuz 2021,2021-07-09
Erzincan,35.4,3 - 9 Temmuz 2021,9 Temmuz 2021,2021-07-09
Erzurum,61.98,3 - 9 Temmuz 2021,9 Temmuz 2021,2021-07-09
Eskişehir,68.52,3 - 9 Temmuz 2021,9 Temmuz 2021,2021-07-09
Gaziantep,17.85,3 - 9 Temmuz 2021,9 Temmuz 2021,2021-07-09
Giresun,23.4,3 - 9 Temmuz 2021,9 Temmuz 2021,2021-07-09
Gümüşhane,16.23,3 - 9 Temmuz 2021,9 Temmuz 2021,2021-07-09
Hakkari,80.21,3 - 9 Temmuz 2021,9 Temmuz 2021,2021-07-09
Hatay,6.21,3 - 9 Temmuz 2021,9 Temmuz 2021,2021-07-09
Iğdır,25.83,3 - 9 Temmuz 2021,9 Temmuz 2021,2021-07-09
Isparta,45.2,3 - 9 Temmuz 2021,9 Temmuz 2021,2021-07-09
İstanbul,56.75,3 - 9 Temmuz 2021,9 Temmuz 2021,2021-07-09
İzmir,22.16,3 - 9 Temmuz 2021,9 Temmuz 2021,2021-07-09
Kahramanmaraş,10.79,3 - 9 Temmuz 2021,9 Temmuz 2021,2021-07-09
Karabük,36.94,3 - 9 Temmuz 2021,9 Temmuz 2021,2021-07-09
Karaman,19.61,3 - 9 Temmuz 2021,9 Temmuz 2021,2021-07-09
Kars,36.15,3 - 9 Temmuz 2021,9 Temmuz 2021,2021-07-09
Kastamonu,31.09,3 - 9 Temmuz 2021,9 Temmuz 2021,2021-07-09
Kayseri,53.26,3 - 9 Temmuz 2021,9 Temmuz 2021,2021-07-09
Kırıkkale,65.3,3 - 9 Temmuz 2021,9 Temmuz 2021,2021-07-09
Kırklareli,27.92,3 - 9 Temmuz 2021,9 Temmuz 2021,2021-07-09
Kırşehir,48.14,3 - 9 Temmuz 2021,9 Temmuz 2021,2021-07-09
Kilis,5.6,3 - 9 Temmuz 2021,9 Temmuz 2021,2021-07-09
Kocaeli,34.0,3 - 9 Temmuz 2021,9 Temmuz 2021,2021-07-09
Konya,40.18,3 - 9 Temmuz 2021,9 Temmuz 2021,2021-07-09
Kütahya,70.23,3 - 9 Temmuz 2021,9 Temmuz 2021,2021-07-09
Malatya,32.0,3 - 9 Temmuz 2021,9 Temmuz 2021,2021-07-09
Manisa,18.54,3 - 9 Temmuz 2021,9 Temmuz 2021,2021-07-09
Mardin,45.4,3 - 9 Temmuz 2021,9 Temmuz 2021,2021-07-09
Mersin,41.2,3 - 9 Temmuz 2021,9 Temmuz 2021,2021-07-09
Muğla,16.69,3 - 9 Temmuz 2021,9 Temmuz 2021,2021-07-09
Muş,40.62,3 - 9 Temmuz 2021,9 Temmuz 2021,2021-07-09
Nevşehir,36.73,3 - 9 Temmuz 2021,9 Temmuz 2021,2021-07-09
Niğde,37.56,3 - 9 Temmuz 2021,9 Temmuz 2021,2021-07-09
Ordu,50.17,3 - 9 Temmuz 2021,9 Temmuz 2021,2021-07-09
Osmaniye,6.56,3 - 9 Temmuz 2021,9 Temmuz 2021,2021-07-09
Rize,59.82,3 - 9 Temmuz 2021,9 Temmuz 2021,2021-07-09
Sakarya,55.92,3 - 9 Temmuz 2021,9 Temmuz 2021,2021-07-09
Samsun,23.97,3 - 9 Temmuz 2021,9 Temmuz 2021,2021-07-09
Siirt,231.67,3 - 9 Temmuz 2021,9 Temmuz 2021,2021-07-09
Sinop,29.57,3 - 9 Temmuz 2021,9 Temmuz 2021,2021-07-09
Sivas,66.99,3 - 9 Temmuz 2021,9 Temmuz 2021,2021-07-09
Şanlıurfa,20.99,3 - 9 Temmuz 2021,9 Temmuz 2021,2021-07-09
Şırnak,27.15,3 - 9 Temmuz 2021,9 Temmuz 2021,2021-07-09
Tekirdağ,27.75,3 - 9 Temmuz 2021,9 Temmuz 2021,2021-07-09
Tokat,56.03,3 - 9 Temmuz 2021,9 Temmuz 2021,2021-07-09
Trabzon,49.88,3 - 9 Temmuz 2021,9 Temmuz 2021,2021-07-09
Tunceli,10.79,3 - 9 Temmuz 2021,9 Temmuz 2021,2021-07-09
Uşak,20.84,3 - 9 Temmuz 2021,9 Temmuz 2021,2021-07-09
Van,100.41,3 - 9 Temmuz 2021,9 Temmuz 2021,2021-07-09
Yalova,38.04,3 - 9 Temmuz 2021,9 Temmuz 2021,2021-07-09
Yozgat,24.58,3 - 9 Temmuz 2021,9 Temmuz 2021,2021-07-09
Zonguldak,25.03,3 - 9 Temmuz 2021,9 Temmuz 2021,2021-07-09
Adana,20.29,10- 16 Temmuz 2021,16 Temmuz 2021,2021-07-16
Adıyaman,13.93,10- 16 Temmuz 2021,16 Temmuz 2021,2021-07-16
Afyon,27.81,10- 16 Temmuz 2021,16 Temmuz 2021,2021-07-16
Ağrı,188.96,10- 16 Temmuz 2021,16 Temmuz 2021,2021-07-16
Aksaray,39.55,10- 16 Temmuz 2021,16 Temmuz 2021,2021-07-16
Amasya,29.21,10- 16 Temmuz 2021,16 Temmuz 2021,2021-07-16
Ankara,57.95,10- 16 Temmuz 2021,16 Temmuz 2021,2021-07-16
Antalya,69.65,10- 16 Temmuz 2021,16 Temmuz 2021,2021-07-16
Ardahan,52.51,10- 16 Temmuz 2021,16 Temmuz 2021,2021-07-16
Artvin,33.88,10- 16 Temmuz 2021,16 Temmuz 2021,2021-07-16
Aydın,16.01,10- 16 Temmuz 2021,16 Temmuz 2021,2021-07-16
Balıkesir,20.43,10- 16 Temmuz 2021,16 Temmuz 2021,2021-07-16
Bartın,14.43,10- 16 Temmuz 2021,16 Temmuz 2021,2021-07-16
Batman,55.38,10- 16 Temmuz 2021,16 Temmuz 2021,2021-07-16
Bayburt,35.05,10- 16 Temmuz 2021,16 Temmuz 2021,2021-07-16
Bilecik,28.97,10- 16 Temmuz 2021,16 Temmuz 2021,2021-07-16
Bingöl,91.35,10- 16 Temmuz 2021,16 Temmuz 2021,2021-07-16
Bitlis,122.13,10- 16 Temmuz 2021,16 Temmuz 2021,2021-07-16
Bolu,43.71,10- 16 Temmuz 2021,16 Temmuz 2021,2021-07-16
Burdur,38.55,10- 16 Temmuz 2021,16 Temmuz 2021,2021-07-16
Bursa,31.98,10- 16 Temmuz 2021,16 Temmuz 2021,2021-07-16
Çanakkale,21.57,10- 16 Temmuz 2021,16 Temmuz 2021,2021-07-16
Çankırı,33.96,10- 16 Temmuz 2021,16 Temmuz 2021,2021-07-16
Çorum,34.55,10- 16 Temmuz 2021,16 Temmuz 2021,2021-07-16
Denizli,18.83,10- 16 Temmuz 2021,16 Temmuz 2021,2021-07-16
Diyarbakır,117.79,10- 16 Temmuz 2021,16 Temmuz 2021,2021-07-16
Düzce,35.78,10- 16 Temmuz 2021,16 Temmuz 2021,2021-07-16
Edirne,24.52,10- 16 Temmuz 2021,16 Temmuz 2021,2021-07-16
Elazığ,58.43,10- 16 Temmuz 2021,16 Temmuz 2021,2021-07-16
Erzincan,52.79,10- 16 Temmuz 2021,16 Temmuz 2021,2021-07-16
Erzurum,80.82,10- 16 Temmuz 2021,16 Temmuz 2021,2021-07-16
Eskişehir,66.83,10- 16 Temmuz 2021,16 Temmuz 2021,2021-07-16
Gaziantep,21.96,10- 16 Temmuz 2021,16 Temmuz 2021,2021-07-16
Giresun,78.54,10- 16 Temmuz 2021,16 Temmuz 2021,2021-07-16
Gümüşhane,11.88,10- 16 Temmuz 2021,16 Temmuz 2021,2021-07-16
Hakkari,76.23,10- 16 Temmuz 2021,16 Temmuz 2021,2021-07-16
Hatay,12.71,10- 16 Temmuz 2021,16 Temmuz 2021,2021-07-16
Iğdır,58.52,10- 16 Temmuz 2021,16 Temmuz 2021,2021-07-16
Isparta,44.29,10- 16 Temmuz 2021,16 Temmuz 2021,2021-07-16
İstanbul,75.12,10- 16 Temmuz 2021,16 Temmuz 2021,2021-07-16
İzmir,24.46,10- 16 Temmuz 2021,16 Temmuz 2021,2021-07-16
Kahramanmaraş,12.2,10- 16 Temmuz 2021,16 Temmuz 2021,2021-07-16
Karabük,32.51,10- 16 Temmuz 2021,16 Temmuz 2021,2021-07-16
Karaman,24.85,10- 16 Temmuz 2021,16 Temmuz 2021,2021-07-16
Kars,34.4,10- 16 Temmuz 2021,16 Temmuz 2021,2021-07-16
Kastamonu,32.35,10- 16 Temmuz 2021,16 Temmuz 2021,2021-07-16
Kayseri,49.59,10- 16 Temmuz 2021,16 Temmuz 2021,2021-07-16
Kırıkkale,99.11,10- 16 Temmuz 2021,16 Temmuz 2021,2021-07-16
Kırklareli,34.48,10- 16 Temmuz 2021,16 Temmuz 2021,2021-07-16
Kırşehir,42.77,10- 16 Temmuz 2021,16 Temmuz 2021,2021-07-16
Kilis,8.32,10- 16 Temmuz 2021,16 Temmuz 2021,2021-07-16
Kocaeli,47.83,10- 16 Temmuz 2021,16 Temmuz 2021,2021-07-16
Konya,56.98,10- 16 Temmuz 2021,16 Temmuz 2021,2021-07-16
Kütahya,61.63,10- 16 Temmuz 2021,16 Temmuz 2021,2021-07-16
Malatya,27.51,10- 16 Temmuz 2021,16 Temmuz 2021,2021-07-16
Manisa,16.93,10- 16 Temmuz 2021,16 Temmuz 2021,2021-07-16
Mardin,51.66,10- 16 Temmuz 2021,16 Temmuz 2021,2021-07-16
Mersin,61.88,10- 16 Temmuz 2021,16 Temmuz 2021,2021-07-16
Muğla,33.44,10- 16 Temmuz 2021,16 Temmuz 2021,2021-07-16
Muş,47.2,10- 16 Temmuz 2021,16 Temmuz 2021,2021-07-16
Nevşehir,31.81,10- 16 Temmuz 2021,16 Temmuz 2021,2021-07-16
Niğde,39.37,10- 16 Temmuz 2021,16 Temmuz 2021,2021-07-16
Ordu,50.32,10- 16 Temmuz 2021,16 Temmuz 2021,2021-07-16
Osmaniye,17.51,10- 16 Temmuz 2021,16 Temmuz 2021,2021-07-16
Rize,76.76,10- 16 Temmuz 2021,16 Temmuz 2021,2021-07-16
Sakarya,69.22,10- 16 Temmuz 2021,16 Temmuz 2021,2021-07-16
Samsun,30.66,10- 16 Temmuz 2021,16 Temmuz 2021,2021-07-16
Siirt,471.57,10- 16 Temmuz 2021,16 Temmuz 2021,2021-07-16
Sinop,27.44,10- 16 Temmuz 2021,16 Temmuz 2021,2021-07-16
Sivas,60.56,10- 16 Temmuz 2021,16 Temmuz 2021,2021-07-16
Şanlıurfa,30.8,10- 16 Temmuz 2021,16 Temmuz 2021,2021-07-16
Şırnak,30.56,10- 16 Temmuz 2021,16 Temmuz 2021,2021-07-16
Tekirdağ,20.88,10- 16 Temmuz 2021,16 Temmuz 2021,2021-07-16
Tokat,54.81,10- 16 Temmuz 2021,16 Temmuz 2021,2021-07-16
Trabzon,56.33,10- 16 Temmuz 2021,16 Temmuz 2021,2021-07-16
Tunceli,20.17,10- 16 Temmuz 2021,16 Temmuz 2021,2021-07-16
Uşak,13.4,10- 16 Temmuz 2021,16 Temmuz 2021,2021-07-16
Van,120.68,10- 16 Temmuz 2021,16 Temmuz 2021,2021-07-16
Yalova,45.55,10- 16 Temmuz 2021,16 Temmuz 2021,2021-07-16
Yozgat,24.33,10- 16 Temmuz 2021,16 Temmuz 2021,2021-07-16
Zonguldak,26.29,10- 16 Temmuz 2021,16 Temmuz 2021,2021-07-16
